[065月2025 17:44:13.704] [main/INFO] [cpw.mods.modlauncher.Launcher/MODLAUNCHER]: ModLauncher running: args [--launchTarget, forgeclientuserdev, --version, MOD_DEV, --assetIndex, 1.18, --assetsDir, C:\Users\Administrator\.gradle\caches\forge_gradle\assets, --gameDir, ., --fml.forgeVersion, 40.2.17, --fml.mcVersion, 1.18.2, --fml.forgeGroup, net.minecraftforge, --fml.mcpVersion, 20220404.173914]
[065月2025 17:44:13.710] [main/INFO] [cpw.mods.modlauncher.Launcher/MODLAUNCHER]: ModLauncher 9.1.3+9.1.3+main.9b69c82a starting: java version 17.0.10 by Oracle Corporation
[065月2025 17:44:13.811] [main/INFO] [mixin/]: SpongePowered MIXIN Subsystem Version=0.8.5 Source=union:/C:/Users/Administrator/.gradle/caches/modules-2/files-2.1/org.spongepowered/mixin/0.8.5/9d1c0c3a304ae6697ecd477218fa61b850bf57fc/mixin-0.8.5.jar%2324!/ Service=ModLauncher Env=CLIENT
[065月2025 17:44:14.115] [main/WARN] [net.minecraftforge.fml.loading.moddiscovery.ModFileParser/LOADING]: Mod file C:\Users\Administrator\.gradle\caches\modules-2\files-2.1\net.minecraftforge\javafmllanguage\1.18.2-40.2.17\73cb4e30d7e55cf35a68b2ed112653aff913a58c\javafmllanguage-1.18.2-40.2.17.jar is missing mods.toml file
[065月2025 17:44:14.118] [main/WARN] [net.minecraftforge.fml.loading.moddiscovery.ModFileParser/LOADING]: Mod file C:\Users\Administrator\.gradle\caches\modules-2\files-2.1\net.minecraftforge\lowcodelanguage\1.18.2-40.2.17\8693e97e0581c0f5aaabb09e7fa319d5685ce194\lowcodelanguage-1.18.2-40.2.17.jar is missing mods.toml file
[065月2025 17:44:14.120] [main/WARN] [net.minecraftforge.fml.loading.moddiscovery.ModFileParser/LOADING]: Mod file C:\Users\Administrator\.gradle\caches\modules-2\files-2.1\net.minecraftforge\mclanguage\1.18.2-40.2.17\902814f818aebf3928966206f56835dece033e2a\mclanguage-1.18.2-40.2.17.jar is missing mods.toml file
[065月2025 17:44:14.123] [main/WARN] [net.minecraftforge.fml.loading.moddiscovery.ModFileParser/LOADING]: Mod file C:\Users\Administrator\.gradle\caches\modules-2\files-2.1\net.minecraftforge\fmlcore\1.18.2-40.2.17\fcb8a7063c3a86af22acb4a9eded5e9667f65a3c\fmlcore-1.18.2-40.2.17.jar is missing mods.toml file
[065月2025 17:44:14.469] [main/INFO] [net.minecraftforge.fml.loading.moddiscovery.JarInJarDependencyLocator/]: Found 2 dependencies adding them to mods collection
[065月2025 17:44:16.522] [main/INFO] [mixin/]: Compatibility level set to JAVA_17
[065月2025 17:44:16.581] [main/ERROR] [mixin/]: Mixin config tiered.mixins.json does not specify "minVersion" property
[065月2025 17:44:16.604] [main/INFO] [cpw.mods.modlauncher.LaunchServiceHandler/MODLAUNCHER]: Launching target 'forgeclientuserdev' with arguments [--version, MOD_DEV, --gameDir, ., --assetsDir, C:\Users\Administrator\.gradle\caches\forge_gradle\assets, --assetIndex, 1.18]
[065月2025 17:44:16.921] [main/INFO] [mixin/]: Remapping refMap UnionLib-refmap.json using C:\Users\Administrator\Desktop\无坚不摧模组开发\Arc's Better EpicFight WeaponTypes\build/createSrgToMcp/output.srg
[065月2025 17:44:16.922] [main/INFO] [mixin/]: Remapping refMap UnionLib-refmap.json using C:\Users\Administrator\Desktop\无坚不摧模组开发\Arc's Better EpicFight WeaponTypes\build/createSrgToMcp/output.srg
[065月2025 17:44:16.923] [main/INFO] [mixin/]: Remapping refMap invincible.mixin-refmap.json using C:\Users\Administrator\Desktop\无坚不摧模组开发\Arc's Better EpicFight WeaponTypes\build/createSrgToMcp/output.srg
[065月2025 17:44:16.924] [main/INFO] [mixin/]: Remapping refMap wukong.mixins.refmap.json using C:\Users\Administrator\Desktop\无坚不摧模组开发\Arc's Better EpicFight WeaponTypes\build/createSrgToMcp/output.srg
[065月2025 17:44:16.924] [main/INFO] [mixin/]: Remapping refMap mixins.mega.refmap.json using C:\Users\Administrator\Desktop\无坚不摧模组开发\Arc's Better EpicFight WeaponTypes\build/createSrgToMcp/output.srg
[065月2025 17:44:16.925] [main/INFO] [mixin/]: Remapping refMap shouldersurfing.refmap.json using C:\Users\Administrator\Desktop\无坚不摧模组开发\Arc's Better EpicFight WeaponTypes\build/createSrgToMcp/output.srg
[065月2025 17:44:16.929] [main/INFO] [mixin/]: Remapping refMap epicacg.mixins.refmap.json using C:\Users\Administrator\Desktop\无坚不摧模组开发\Arc's Better EpicFight WeaponTypes\build/createSrgToMcp/output.srg
[065月2025 17:44:16.930] [main/INFO] [mixin/]: Remapping refMap guhao.refmap.json using C:\Users\Administrator\Desktop\无坚不摧模组开发\Arc's Better EpicFight WeaponTypes\build/createSrgToMcp/output.srg
[065月2025 17:44:16.931] [main/INFO] [mixin/]: Remapping refMap player-animation-lib-minecraft_common-refmap.json using C:\Users\Administrator\Desktop\无坚不摧模组开发\Arc's Better EpicFight WeaponTypes\build/createSrgToMcp/output.srg
[065月2025 17:44:16.932] [main/INFO] [mixin/]: Remapping refMap summoningrituals.refmap.json using C:\Users\Administrator\Desktop\无坚不摧模组开发\Arc's Better EpicFight WeaponTypes\build/createSrgToMcp/output.srg
[065月2025 17:44:16.933] [main/INFO] [mixin/]: Remapping refMap caelus.refmap.json using C:\Users\Administrator\Desktop\无坚不摧模组开发\Arc's Better EpicFight WeaponTypes\build/createSrgToMcp/output.srg
[065月2025 17:44:16.934] [main/INFO] [mixin/]: Remapping refMap paxi.refmap.json using C:\Users\Administrator\Desktop\无坚不摧模组开发\Arc's Better EpicFight WeaponTypes\build/createSrgToMcp/output.srg
[065月2025 17:44:16.935] [main/INFO] [mixin/]: Remapping refMap paxi.refmap.json using C:\Users\Administrator\Desktop\无坚不摧模组开发\Arc's Better EpicFight WeaponTypes\build/createSrgToMcp/output.srg
[065月2025 17:44:16.935] [main/INFO] [mixin/]: Remapping refMap curios.refmap.json using C:\Users\Administrator\Desktop\无坚不摧模组开发\Arc's Better EpicFight WeaponTypes\build/createSrgToMcp/output.srg
[065月2025 17:44:16.936] [main/INFO] [mixin/]: Remapping refMap epicfight.mixins.refmap.json using C:\Users\Administrator\Desktop\无坚不摧模组开发\Arc's Better EpicFight WeaponTypes\build/createSrgToMcp/output.srg
[065月2025 17:44:16.938] [main/INFO] [mixin/]: Remapping refMap citadel.refmap.json using C:\Users\Administrator\Desktop\无坚不摧模组开发\Arc's Better EpicFight WeaponTypes\build/createSrgToMcp/output.srg
[065月2025 17:44:16.938] [main/INFO] [mixin/]: Remapping refMap rank_system.refmap.json using C:\Users\Administrator\Desktop\无坚不摧模组开发\Arc's Better EpicFight WeaponTypes\build/createSrgToMcp/output.srg
[065月2025 17:44:16.940] [main/INFO] [mixin/]: Remapping refMap irons_spellbooks.refmap.json using C:\Users\Administrator\Desktop\无坚不摧模组开发\Arc's Better EpicFight WeaponTypes\build/createSrgToMcp/output.srg
[065月2025 17:44:16.942] [main/INFO] [mixin/]: Remapping refMap yungsapi.refmap.json using C:\Users\Administrator\Desktop\无坚不摧模组开发\Arc's Better EpicFight WeaponTypes\build/createSrgToMcp/output.srg
[065月2025 17:44:16.943] [main/INFO] [mixin/]: Remapping refMap yungsapi.refmap.json using C:\Users\Administrator\Desktop\无坚不摧模组开发\Arc's Better EpicFight WeaponTypes\build/createSrgToMcp/output.srg
[065月2025 17:44:16.943] [main/INFO] [mixin/]: Remapping refMap star.refmap.json using C:\Users\Administrator\Desktop\无坚不摧模组开发\Arc's Better EpicFight WeaponTypes\build/createSrgToMcp/output.srg
[065月2025 17:44:16.945] [main/INFO] [mixin/]: Remapping refMap tiered.refmap.json using C:\Users\Administrator\Desktop\无坚不摧模组开发\Arc's Better EpicFight WeaponTypes\build/createSrgToMcp/output.srg
[065月2025 17:44:16.946] [main/INFO] [mixin/]: Remapping refMap indestructible.refmap.json using C:\Users\Administrator\Desktop\无坚不摧模组开发\Arc's Better EpicFight WeaponTypes\build/createSrgToMcp/output.srg
[065月2025 17:44:16.948] [main/INFO] [mixin/]: Remapping refMap toybox.refmap.json using C:\Users\Administrator\Desktop\无坚不摧模组开发\Arc's Better EpicFight WeaponTypes\build/createSrgToMcp/output.srg
[065月2025 17:44:16.950] [main/INFO] [mixin/]: Remapping refMap lodestone.refmap.json using C:\Users\Administrator\Desktop\无坚不摧模组开发\Arc's Better EpicFight WeaponTypes\build/createSrgToMcp/output.srg
[065月2025 17:44:16.951] [main/WARN] [mixin/]: Reference map 'omnis.refmap.json' for omnis.mixins.json could not be read. If this is a development environment you can ignore this message
[065月2025 17:44:16.952] [main/INFO] [mixin/]: Remapping refMap dummmmmmy.refmap.json using C:\Users\Administrator\Desktop\无坚不摧模组开发\Arc's Better EpicFight WeaponTypes\build/createSrgToMcp/output.srg
[065月2025 17:44:16.953] [main/INFO] [mixin/]: Remapping refMap structure_gel.refmap.json using C:\Users\Administrator\Desktop\无坚不摧模组开发\Arc's Better EpicFight WeaponTypes\build/createSrgToMcp/output.srg
[065月2025 17:44:16.954] [main/INFO] [mixin/]: Remapping refMap mobifier.refmap.json using C:\Users\Administrator\Desktop\无坚不摧模组开发\Arc's Better EpicFight WeaponTypes\build/createSrgToMcp/output.srg
[065月2025 17:44:16.955] [main/INFO] [mixin/]: Remapping refMap mobifier.refmap.json using C:\Users\Administrator\Desktop\无坚不摧模组开发\Arc's Better EpicFight WeaponTypes\build/createSrgToMcp/output.srg
[065月2025 17:44:16.956] [main/INFO] [mixin/]: Remapping refMap IBEEditor-1.18.2-common-refmap.json using C:\Users\Administrator\Desktop\无坚不摧模组开发\Arc's Better EpicFight WeaponTypes\build/createSrgToMcp/output.srg
[065月2025 17:44:17.256] [main/WARN] [mixin/]: Error loading class: net/optifine/shaders/ShadersRender (java.lang.ClassNotFoundException: net.optifine.shaders.ShadersRender)
[065月2025 17:44:17.256] [main/WARN] [mixin/]: @Mixin target net.optifine.shaders.ShadersRender was not found shouldersurfing.mixins.json:MixinShadersRender
[065月2025 17:44:17.807] [main/INFO] [MixinExtras|Service/]: Initializing MixinExtras via com.llamalad7.mixinextras.service.MixinExtrasServiceImpl(version=0.2.0).
[065月2025 17:44:20.068] [pool-3-thread-1/WARN] [mixin/]: @Final field nextHeadUpdate:[I in epicfight.mixins.json:MixinWitherBoss should be final
[065月2025 17:44:20.068] [pool-3-thread-1/WARN] [mixin/]: @Final field idleHeadUpdates:[I in epicfight.mixins.json:MixinWitherBoss should be final
[065月2025 17:44:24.415] [Render thread/WARN] [net.minecraft.server.packs.VanillaPackResources/]: Assets URL 'union:/C:/Users/Administrator/.gradle/caches/forge_gradle/minecraft_user_repo/net/minecraftforge/forge/1.18.2-40.2.17_mapped_official_1.18.2/forge-1.18.2-40.2.17_mapped_official_1.18.2.jar%2380!/assets/.mcassetsroot' uses unexpected schema
[065月2025 17:44:24.415] [Render thread/WARN] [net.minecraft.server.packs.VanillaPackResources/]: Assets URL 'union:/C:/Users/Administrator/.gradle/caches/forge_gradle/minecraft_user_repo/net/minecraftforge/forge/1.18.2-40.2.17_mapped_official_1.18.2/forge-1.18.2-40.2.17_mapped_official_1.18.2.jar%2380!/data/.mcassetsroot' uses unexpected schema
[065月2025 17:44:24.456] [Render thread/INFO] [com.mojang.authlib.yggdrasil.YggdrasilAuthenticationService/]: Environment: authHost='https://authserver.mojang.com', accountsHost='https://api.mojang.com', sessionHost='https://sessionserver.mojang.com', servicesHost='https://api.minecraftservices.com', name='PROD'
[065月2025 17:44:24.463] [Render thread/INFO] [net.minecraft.client.Minecraft/]: Setting user: Dev
[065月2025 17:44:24.720] [Render thread/INFO] [net.minecraft.client.Minecraft/]: Backend library: LWJGL version 3.2.2 SNAPSHOT
[065月2025 17:44:31.360] [modloading-worker-0/INFO] [epicfight/]: register skill guhao:sacrifice
[065月2025 17:44:31.360] [modloading-worker-0/INFO] [epicfight/]: register skill invincible:combo_demo
[065月2025 17:44:31.360] [modloading-worker-0/INFO] [epicfight/]: register skill falchionmoveset:falchion_art
[065月2025 17:44:31.364] [modloading-worker-0/INFO] [epicfight/]: register skill guhao:guhao_passive
[065月2025 17:44:31.403] [modloading-worker-0/INFO] [unionlib/]: Starting up: concept_class
[065月2025 17:44:31.406] [modloading-worker-0/INFO] [unionlib/]: Starting up: concept_object
[065月2025 17:44:31.411] [modloading-worker-0/INFO] [epicfight/]: register skill wukong:dodge
[065月2025 17:44:31.463] [modloading-worker-0/INFO] [unionlib/]: Starting up: concept_combined_config
[065月2025 17:44:31.467] [modloading-worker-0/INFO] [unionlib/]: Starting up: concept_keys
[065月2025 17:44:31.467] [modloading-worker-0/INFO] [unionlib/]: Starting up: unionlib
[065月2025 17:44:31.480] [modloading-worker-0/INFO] [epicfight/]: register skill wukong:staff_flower
[065月2025 17:44:31.810] [modloading-worker-0/INFO] [epicfight/]: register skill wukong:smash_charged
[065月2025 17:44:31.879] [modloading-worker-0/INFO] [epicfight/]: register skill wukong:thrust_charged
[065月2025 17:44:31.915] [modloading-worker-0/INFO] [epicfight/]: register skill wukong:smash_style
[065月2025 17:44:31.915] [modloading-worker-0/INFO] [epicfight/]: register skill wukong:thrust_style
[065月2025 17:44:31.915] [modloading-worker-0/INFO] [epicfight/]: register skill wukong:pillar_style
[065月2025 17:44:32.006] [modloading-worker-0/INFO] [UnionLib Registry/]: Registering Attributes in class com.stereowalker.unionlib.world.entity.ai.UAttributes
[065月2025 17:44:32.012] [modloading-worker-0/INFO] [UnionLib Registry/]: Registering Items in class com.stereowalker.unionlib.world.item.UItems
[065月2025 17:44:32.015] [modloading-worker-0/INFO] [UnionLib Registry/]: Registering MenuTypes in class com.stereowalker.unionlib.world.inventory.UMenuType
[065月2025 17:44:32.018] [modloading-worker-0/INFO] [UnionLib Registry/]: Registering RecipeSerializers in class com.stereowalker.unionlib.world.item.crafting.URecipeSerializer
[065月2025 17:44:32.381] [modloading-worker-0/INFO] [UnionLib Registry/]: Registering Items in class com.stereowalker.tiered.Tiered$ItemRegistries
[065月2025 17:44:32.382] [modloading-worker-0/INFO] [net.minecraftforge.common.ForgeMod/FORGEMOD]: Forge mod loading, version 40.2.17, for MC 1.18.2 with MCP 20220404.173914
[065月2025 17:44:32.383] [modloading-worker-0/INFO] [unionlib/]: Starting up: tiered
[065月2025 17:44:32.383] [modloading-worker-0/INFO] [net.minecraftforge.common.MinecraftForge/FORGE]: MinecraftForge v40.2.17 Initialized
[065月2025 17:44:32.532] [modloading-worker-0/INFO] [com.github.franckyi.ibeeditor.common.CommonInit/]: Initializing IBE Editor - common
[065月2025 17:44:32.616] [modloading-worker-0/INFO] [epicfight/]: register skill wom:precise_roll
[065月2025 17:44:32.622] [modloading-worker-0/INFO] [epicfight/]: register skill wom:demon_mark_passive
[065月2025 17:44:32.626] [modloading-worker-0/INFO] [epicfight/]: register skill wom:torment_passive
[065月2025 17:44:32.627] [modloading-worker-0/INFO] [epicfight/]: register skill wom:ruine_passive
[065月2025 17:44:32.629] [modloading-worker-0/INFO] [epicfight/]: register skill wom:lunar_echo_passive
[065月2025 17:44:32.631] [modloading-worker-0/INFO] [com.github.franckyi.ibeeditor.client.ClientInit/]: Initializing IBE Editor - client
[065月2025 17:44:32.631] [modloading-worker-0/INFO] [epicfight/]: register skill wom:satsujin_passive
[065月2025 17:44:32.634] [modloading-worker-0/INFO] [epicfight/]: register skill wom:solar_passive
[065月2025 17:44:32.635] [modloading-worker-0/INFO] [epicfight/]: register skill wom:charybdis
[065月2025 17:44:32.637] [modloading-worker-0/INFO] [epicfight/]: register skill wom:agony_plunge
[065月2025 17:44:32.640] [modloading-worker-0/INFO] [epicfight/]: register skill wom:true_berserk
[065月2025 17:44:32.643] [modloading-worker-0/INFO] [epicfight/]: register skill wom:plunder_perdition
[065月2025 17:44:32.689] [modloading-worker-0/INFO] [epicfight/]: register skill wom:sakura_state
[065月2025 17:44:32.722] [modloading-worker-0/INFO] [epicfight/]: register skill wom:ender_blast
[065月2025 17:44:32.842] [modloading-worker-0/INFO] [epicfight/]: register skill wom:ender_fusion
[065月2025 17:44:32.884] [modloading-worker-0/INFO] [epicfight/]: register skill epicfight:basic_attack
[065月2025 17:44:32.886] [modloading-worker-0/INFO] [epicfight/]: register skill epicfight:air_attack
[065月2025 17:44:32.886] [modloading-worker-0/INFO] [epicfight/]: register skill epicfight:roll
[065月2025 17:44:32.888] [modloading-worker-0/INFO] [epicfight/]: register skill wom:demonic_ascension
[065月2025 17:44:33.144] [modloading-worker-0/INFO] [epicfight/]: register skill wom:regierung
[065月2025 17:44:33.168] [modloading-worker-0/INFO] [epicfight/]: register skill epicfight:step
[065月2025 17:44:33.258] [modloading-worker-0/INFO] [epicfight/]: register skill wom:lunar_eclipse
[065月2025 17:44:33.258] [modloading-worker-0/INFO] [epicfight/]: register skill epicfight:knockdown_wakeup
[065月2025 17:44:33.265] [modloading-worker-0/INFO] [epicfight/]: register skill wom:solar_arcano
[065月2025 17:44:34.109] [modloading-worker-0/INFO] [epicfight/]: register skill epicfight:guard
[065月2025 17:44:34.255] [modloading-worker-0/INFO] [epicfight/]: register skill epicfight:parrying
[065月2025 17:44:34.301] [modloading-worker-0/INFO] [epicfight/]: register skill epicfight:impact_guard
[065月2025 17:44:34.302] [modloading-worker-0/INFO] [epicfight/]: register skill epicfight:berserker
[065月2025 17:44:34.303] [modloading-worker-0/INFO] [epicfight/]: register skill epicfight:death_harvest
[065月2025 17:44:34.304] [modloading-worker-0/INFO] [epicfight/]: register skill epicfight:emergency_escape
[065月2025 17:44:34.306] [modloading-worker-0/INFO] [epicfight/]: register skill epicfight:endurance
[065月2025 17:44:34.319] [modloading-worker-0/INFO] [epicfight/]: register skill epicfight:forbidden_strength
[065月2025 17:44:34.321] [modloading-worker-0/INFO] [epicfight/]: register skill epicfight:hypervitality
[065月2025 17:44:34.322] [modloading-worker-0/INFO] [epicfight/]: register skill epicfight:stamina_pillager
[065月2025 17:44:34.324] [modloading-worker-0/INFO] [epicfight/]: register skill epicfight:swordmaster
[065月2025 17:44:34.355] [modloading-worker-0/INFO] [epicfight/]: register skill epicfight:technician
[065月2025 17:44:34.374] [modloading-worker-0/INFO] [epicfight/]: register skill epicfight:sweeping_edge
[065月2025 17:44:34.382] [modloading-worker-0/INFO] [epicfight/]: register skill epicfight:dancing_edge
[065月2025 17:44:34.394] [modloading-worker-0/INFO] [epicfight/]: register skill epicfight:the_guillotine
[065月2025 17:44:34.398] [modloading-worker-0/INFO] [epicfight/]: register skill epicfight:grasping_spire
[065月2025 17:44:34.398] [modloading-worker-0/INFO] [epicfight/]: register skill epicfight:heartpiercer
[065月2025 17:44:34.401] [modloading-worker-0/INFO] [epicfight/]: register skill epicfight:steel_whirlwind
[065月2025 17:44:34.402] [modloading-worker-0/INFO] [epicfight/]: register skill epicfight:battojutsu
[065月2025 17:44:34.407] [modloading-worker-0/INFO] [epicfight/]: register skill epicfight:battojutsu_passive
[065月2025 17:44:34.418] [modloading-worker-0/INFO] [epicfight/]: register skill epicfight:rushing_tempo
[065月2025 17:44:34.418] [modloading-worker-0/INFO] [epicfight/]: register skill epicfight:relentless_combo
[065月2025 17:44:34.456] [modloading-worker-0/INFO] [epicfight/]: register skill epicfight:liechtenauer
[065月2025 17:44:34.457] [modloading-worker-0/INFO] [epicfight/]: register skill epicfight:sharp_stab
[065月2025 17:44:34.458] [modloading-worker-0/INFO] [epicfight/]: register skill epicfight:eviscerate
[065月2025 17:44:34.562] [modloading-worker-0/INFO] [epicfight/]: register skill epicfight:blade_rush
[065月2025 17:44:34.592] [modloading-worker-0/INFO] [epicfight/]: register skill epicfight:wrathful_lighting
[065月2025 17:44:34.593] [modloading-worker-0/INFO] [epicfight/]: register skill epicfight:tsunami
[065月2025 17:44:34.594] [modloading-worker-0/INFO] [epicfight/]: register skill epicfight:everlasting_allegiance
[065月2025 17:44:34.596] [modloading-worker-0/INFO] [epicfight/]: register skill epicfight:meteor_slam
[065月2025 17:44:34.599] [modloading-worker-0/INFO] [epicfight/]: register skill epicfight:revelation
[065月2025 17:44:34.601] [modloading-worker-0/INFO] [epicfight/]: register skill epicfight:demolition_leap
[065月2025 17:44:34.602] [modloading-worker-0/INFO] [epicfight/]: register skill epicfight:phantom_ascent
[065月2025 17:44:35.931] [Render thread/INFO] [net.minecraftforge.registries.GameData/]: Potentially Dangerous alternative prefix `unionlib` for name `golden_ring`, expected `tiered`. This could be a intended override, but in most cases indicates a broken mod.
[065月2025 17:44:35.932] [Render thread/INFO] [net.minecraftforge.registries.GameData/]: Potentially Dangerous alternative prefix `unionlib` for name `iron_emerald_necklace`, expected `tiered`. This could be a intended override, but in most cases indicates a broken mod.
[065月2025 17:44:36.104] [Render thread/INFO] [net.minecraftforge.registries.GameData/]: Potentially Dangerous alternative prefix `unionlib` for name `generic.dig_speed`, expected `tiered`. This could be a intended override, but in most cases indicates a broken mod.
[065月2025 17:44:36.104] [Render thread/INFO] [net.minecraftforge.registries.GameData/]: Potentially Dangerous alternative prefix `unionlib` for name `generic.critical_rate`, expected `tiered`. This could be a intended override, but in most cases indicates a broken mod.
[065月2025 17:44:36.104] [Render thread/INFO] [net.minecraftforge.registries.GameData/]: Potentially Dangerous alternative prefix `unionlib` for name `generic.critical_damage`, expected `tiered`. This could be a intended override, but in most cases indicates a broken mod.
[065月2025 17:44:37.381] [Render thread/INFO] [net.minecraftforge.registries.GameData/]: Potentially Dangerous alternative prefix `unionlib` for name `union_inventory`, expected `tiered`. This could be a intended override, but in most cases indicates a broken mod.
[065月2025 17:44:37.503] [Render thread/INFO] [net.minecraftforge.registries.GameData/]: Potentially Dangerous alternative prefix `unionlib` for name `no_remainder_crafting_shapeless`, expected `tiered`. This could be a intended override, but in most cases indicates a broken mod.
[065月2025 17:44:38.013] [Render thread/WARN] [net.minecraft.network.syncher.SynchedEntityData/]: defineId called for: class com.github.alexthe666.alexsmobs.entity.EntityLeafcutterAnt from class com.github.alexthe666.alexsmobs.entity.EntityDevilsHolePupfish
[065月2025 17:44:38.014] [Render thread/WARN] [net.minecraft.network.syncher.SynchedEntityData/]: defineId called for: class com.github.alexthe666.alexsmobs.entity.EntityMantisShrimp from class com.github.alexthe666.alexsmobs.entity.EntitySkelewag
[065月2025 17:44:38.360] [Render thread/INFO] [com.github.alexthe666.alexsmobs.AlexsMobs/]: loaded in block colorizer
[065月2025 17:44:38.361] [Render thread/INFO] [com.github.alexthe666.alexsmobs.AlexsMobs/]: loaded in item colorizer
[065月2025 17:44:38.799] [Render thread/INFO] [com.mojang.text2speech.NarratorWindows/]: Narrator library for x64 successfully loaded
[065月2025 17:44:38.836] [Render thread/INFO] [net.minecraftforge.gametest.ForgeGameTestHooks/]: Enabled Gametest Namespaces: [ArcbladeReborn]
[065月2025 17:44:39.070] [Render thread/INFO] [net.minecraft.server.packs.resources.ReloadableResourceManager/]: Reloading ResourceManager: Default, Mod Resources, 终焉决斗 发光刀光材质包 (2), 更强帕瓦.zip, Epicfight Skin+Animation.zip
[065月2025 17:44:39.181] [modloading-worker-0/WARN] [net.minecraftforge.common.ForgeConfigSpec/CORE]: Configuration file C:\Users\Administrator\Desktop\无坚不摧模组开发\Arc's Better EpicFight WeaponTypes\run\config\toybox-common.toml is not correct. Correcting
[065月2025 17:44:39.182] [modloading-worker-0/WARN] [net.minecraftforge.common.ForgeConfigSpec/CORE]: Incorrect key level up exp cost multiply.xp_multiply was corrected from 0.5 to its default, 0.5. 
[065月2025 17:44:39.189] [Thread-0/WARN] [net.minecraftforge.fml.config.ConfigFileTypeHandler/CONFIG]: Configuration file C:\Users\Administrator\Desktop\无坚不摧模组开发\Arc's Better EpicFight WeaponTypes\run\config\toybox-common.toml is not correct. Correcting
[065月2025 17:44:39.232] [Thread-0/WARN] [net.minecraftforge.fml.config.ConfigFileTypeHandler/CONFIG]: Configuration file C:\Users\Administrator\Desktop\无坚不摧模组开发\Arc's Better EpicFight WeaponTypes\run\config\toybox-common.toml is not correct. Correcting
[065月2025 17:44:39.246] [Thread-0/WARN] [net.minecraftforge.fml.config.ConfigFileTypeHandler/CONFIG]: Configuration file C:\Users\Administrator\Desktop\无坚不摧模组开发\Arc's Better EpicFight WeaponTypes\run\config\toybox-common.toml is not correct. Correcting
[065月2025 17:44:39.269] [Worker-Main-26/ERROR] [net.minecraft.client.renderer.texture.TextureAtlas/]: Using missing texture, unable to load star:textures/mob_effect/toughness.png : java.io.FileNotFoundException: star:textures/mob_effect/toughness.png
[065月2025 17:44:39.287] [Worker-Main-19/INFO] [com.dfdyz.epicacg.registry.MyAnimations/]: EpicACG AnimLoadingEvent
[065月2025 17:44:39.563] [Worker-Main-19/WARN] [epicfight/]: [EpicFightMod] Can't find the joint Leg_R_IK in the animation file, StaticAnimation wom:animmodels/animations/32
[065月2025 17:44:39.563] [Worker-Main-19/WARN] [epicfight/]: [EpicFightMod] Can't find the joint Leg_L_IK in the animation file, StaticAnimation wom:animmodels/animations/32
[065月2025 17:44:39.582] [Worker-Main-19/WARN] [epicfight/]: [EpicFightMod] Can't find the joint Arm_R_IK in the animation file, StaticAnimation wom:animmodels/animations/49
[065月2025 17:44:39.582] [Worker-Main-19/WARN] [epicfight/]: [EpicFightMod] Can't find the joint Arm_L_IK in the animation file, StaticAnimation wom:animmodels/animations/49
[065月2025 17:44:39.582] [Worker-Main-19/WARN] [epicfight/]: [EpicFightMod] Can't find the joint Leg_R_IK in the animation file, StaticAnimation wom:animmodels/animations/49
[065月2025 17:44:39.582] [Worker-Main-19/WARN] [epicfight/]: [EpicFightMod] Can't find the joint Leg_L_IK in the animation file, StaticAnimation wom:animmodels/animations/49
[065月2025 17:44:39.596] [Worker-Main-19/WARN] [epicfight/]: [EpicFightMod] Can't find the joint Arm_R_IK in the animation file, StaticAnimation wom:animmodels/animations/61
[065月2025 17:44:39.596] [Worker-Main-19/WARN] [epicfight/]: [EpicFightMod] Can't find the joint Arm_L_IK in the animation file, StaticAnimation wom:animmodels/animations/61
[065月2025 17:44:39.596] [Worker-Main-19/WARN] [epicfight/]: [EpicFightMod] Can't find the joint Leg_R_IK in the animation file, StaticAnimation wom:animmodels/animations/61
[065月2025 17:44:39.596] [Worker-Main-19/WARN] [epicfight/]: [EpicFightMod] Can't find the joint Leg_L_IK in the animation file, StaticAnimation wom:animmodels/animations/61
[065月2025 17:44:39.607] [modloading-worker-0/INFO] [ModdingLegacy/structure_gel/]: [Structure Gel] Registering data for structure_gel:biome_dictionary
[065月2025 17:44:39.610] [modloading-worker-0/INFO] [ModdingLegacy/structure_gel/]: [Structure Gel] Registering data for structure_gel:loot_table_alias
[065月2025 17:44:39.625] [modloading-worker-0/INFO] [ModdingLegacy/structure_gel/]: [Structure Gel] Registering data for structure_gel:data_handler_type
[065月2025 17:44:39.632] [modloading-worker-0/INFO] [ModdingLegacy/structure_gel/]: [Structure Gel] Registering data for structure_gel:dynamic_spawner
[065月2025 17:44:39.633] [modloading-worker-0/INFO] [ModdingLegacy/structure_gel/]: [Structure Gel] Attempting to register unregistered biomes to the biome dictionary. This can be disabled via config
[065月2025 17:44:39.703] [Worker-Main-19/WARN] [epicfight/]: [EpicFightMod] Can't find the joint Arm_R_IK in the animation file, StaticAnimation wom:animmodels/animations/187
[065月2025 17:44:39.703] [Worker-Main-19/WARN] [epicfight/]: [EpicFightMod] Can't find the joint Arm_L_IK in the animation file, StaticAnimation wom:animmodels/animations/187
[065月2025 17:44:39.703] [Worker-Main-19/WARN] [epicfight/]: [EpicFightMod] Can't find the joint Leg_R_IK in the animation file, StaticAnimation wom:animmodels/animations/187
[065月2025 17:44:39.703] [Worker-Main-19/WARN] [epicfight/]: [EpicFightMod] Can't find the joint Leg_L_IK in the animation file, StaticAnimation wom:animmodels/animations/187
[065月2025 17:44:39.706] [Worker-Main-19/WARN] [epicfight/]: [EpicFightMod] Can't find the joint Arm_R_IK in the animation file, StaticAnimation wom:animmodels/animations/188
[065月2025 17:44:39.706] [Worker-Main-19/WARN] [epicfight/]: [EpicFightMod] Can't find the joint Arm_L_IK in the animation file, StaticAnimation wom:animmodels/animations/188
[065月2025 17:44:39.706] [Worker-Main-19/WARN] [epicfight/]: [EpicFightMod] Can't find the joint Leg_R_IK in the animation file, StaticAnimation wom:animmodels/animations/188
[065月2025 17:44:39.706] [Worker-Main-19/WARN] [epicfight/]: [EpicFightMod] Can't find the joint Leg_L_IK in the animation file, StaticAnimation wom:animmodels/animations/188
[065月2025 17:44:39.713] [Worker-Main-19/WARN] [epicfight/]: [EpicFightMod] Can't find the joint Arm_R_IK in the animation file, StaticAnimation wom:animmodels/animations/207
[065月2025 17:44:39.713] [Worker-Main-19/WARN] [epicfight/]: [EpicFightMod] Can't find the joint Arm_L_IK in the animation file, StaticAnimation wom:animmodels/animations/207
[065月2025 17:44:39.713] [Worker-Main-19/WARN] [epicfight/]: [EpicFightMod] Can't find the joint Leg_R_IK in the animation file, StaticAnimation wom:animmodels/animations/207
[065月2025 17:44:39.713] [Worker-Main-19/WARN] [epicfight/]: [EpicFightMod] Can't find the joint Leg_L_IK in the animation file, StaticAnimation wom:animmodels/animations/207
[065月2025 17:44:39.777] [Worker-Main-29/INFO] [epicfight/]: register skill guhao:sacrifice
[065月2025 17:44:39.777] [Worker-Main-29/INFO] [epicfight/]: register skill guhao:guhao_passive
[065月2025 17:44:39.780] [Worker-Main-18/INFO] [epicfight/]: register skill epicacg:muti_sa
[065月2025 17:44:39.797] [Worker-Main-18/INFO] [epicfight/]: register skill epicacg:gs_yoimiya_sa
[065月2025 17:44:39.799] [Worker-Main-18/INFO] [epicfight/]: register skill epicacg:gs_air_attack_patch
[065月2025 17:44:39.802] [Worker-Main-18/INFO] [epicfight/]: register skill epicacg:gs_basic_attack_patch
[065月2025 17:44:39.803] [Worker-Main-18/INFO] [epicfight/]: register skill epicacg:gs_bow_internal
[065月2025 17:44:39.805] [Worker-Main-18/INFO] [epicfight/]: register skill epicacg:sao_single_sword
[065月2025 17:44:39.807] [Worker-Main-18/INFO] [epicfight/]: register skill epicacg:sao_dual_sword_skill
[065月2025 17:44:39.809] [Worker-Main-18/INFO] [epicfight/]: register skill epicacg:sao_rapier_skill
[065月2025 17:44:39.809] [Worker-Main-29/INFO] [epicfight/]: register skill star:double_jump
[065月2025 17:44:39.810] [Worker-Main-29/INFO] [epicfight/]: register skill star:yamato_step
[065月2025 17:44:39.812] [Worker-Main-29/INFO] [epicfight/]: register skill star:uchigatanaspikes
[065月2025 17:44:39.812] [Worker-Main-18/INFO] [epicfight/]: register skill epicacg:weapon_skill_rapier
[065月2025 17:44:39.812] [Worker-Main-29/INFO] [epicfight/]: register skill star:mortalblade
[065月2025 17:44:39.814] [Worker-Main-18/INFO] [epicfight/]: register skill epicacg:sao_single_sword_internal
[065月2025 17:44:39.814] [Worker-Main-29/INFO] [epicfight/]: register skill star:lethalslicing
[065月2025 17:44:39.816] [Worker-Main-18/INFO] [epicfight/]: register skill epicacg:sao_basic_attack_patch
[065月2025 17:44:39.818] [Worker-Main-18/INFO] [epicfight/]: register skill epicacg:single_sword_sa
[065月2025 17:44:39.819] [Worker-Main-18/INFO] [epicfight/]: register skill epicacg:battle_scythe_sa
[065月2025 17:44:39.819] [Worker-Main-29/INFO] [epicfight/]: register skill star:yamatoskill
[065月2025 17:44:39.819] [Worker-Main-18/INFO] [epicfight/]: register skill epicacg:sao_dual_sword_sa
[065月2025 17:44:39.819] [Worker-Main-29/INFO] [epicfight/]: register skill star:lordofthestorm
[065月2025 17:44:39.819] [Worker-Main-29/INFO] [epicfight/]: register skill star:bodyattackfist
[065月2025 17:44:39.820] [Worker-Main-29/INFO] [epicfight/]: register skill star:bodyattackshank
[065月2025 17:44:39.820] [Worker-Main-29/INFO] [epicfight/]: register skill star:lionclaw
[065月2025 17:44:39.820] [Worker-Main-29/INFO] [epicfight/]: register skill star:slash
[065月2025 17:44:39.823] [Worker-Main-29/INFO] [epicfight/]: register skill star:see_through
[065月2025 17:44:39.824] [Worker-Main-29/INFO] [epicfight/]: register skill star:hyper_charge
[065月2025 17:44:39.826] [Worker-Main-29/INFO] [epicfight/]: register skill star:wusong_passive
[065月2025 17:44:39.829] [Worker-Main-29/INFO] [epicfight/]: register skill star:wusong_skill
[065月2025 17:44:39.829] [Worker-Main-29/INFO] [epicfight/]: register skill star:sword_slash
[065月2025 17:44:39.829] [Worker-Main-29/INFO] [epicfight/]: register skill star:dual_slash
[065月2025 17:44:39.830] [Worker-Main-29/INFO] [epicfight/]: register skill star:wind_slash
[065月2025 17:44:39.830] [Worker-Main-29/INFO] [epicfight/]: register skill star:spear_slash
[065月2025 17:44:39.830] [Worker-Main-29/INFO] [epicfight/]: register skill star:heartpiercers
[065月2025 17:44:39.831] [Worker-Main-29/INFO] [epicfight/]: register skill star:fatal_draw
[065月2025 17:44:39.848] [Worker-Main-27/INFO] [com.github.franckyi.ibeeditor.common.CommonInit/]: Setting up IBE Editor - common
[065月2025 17:44:39.874] [Render thread/INFO] [unionlib/]: Initializing mod on client: concept_class
[065月2025 17:44:39.875] [Render thread/INFO] [unionlib/]: Initializing mod on client: concept_object
[065月2025 17:44:39.875] [Render thread/INFO] [unionlib/]: Initializing mod on client: concept_combined_config
[065月2025 17:44:39.875] [Render thread/INFO] [unionlib/]: Initializing mod on client: concept_keys
[065月2025 17:44:39.875] [Render thread/INFO] [unionlib/]: Initializing mod on client: tiered
[065月2025 17:44:39.875] [Render thread/INFO] [unionlib/]: Initializing mod on client: unionlib
[065月2025 17:44:39.882] [Render thread/INFO] [unionlib/]: unionlib's Clientbound packets registered
[065月2025 17:44:39.885] [Render thread/INFO] [unionlib/]: tiered's Clientbound packets registered
[065月2025 17:44:40.511] [Worker-Main-27/INFO] [com.github.franckyi.ibeeditor.common.CommonConfiguration/]: Common configuration loaded
[065月2025 17:44:40.512] [Worker-Main-18/INFO] [corgitaco.mobifier.Mobifier/]: Initializing mobifier network...
[065月2025 17:44:40.530] [Worker-Main-18/INFO] [corgitaco.mobifier.Mobifier/]: Initialized mobifier network!
[065月2025 17:44:40.812] [Worker-Main-20/WARN] [net.minecraft.client.sounds.SoundManager/]: File star:sounds/yamato_in2.ogg does not exist, cannot add it to event star:yamato_in
[065月2025 17:44:41.031] [Forge Version Check/INFO] [net.minecraftforge.fml.VersionChecker/]: [unionlib] Starting version check at https://raw.githubusercontent.com/Stereowalker/My-Home-Page/main/update_files/unionlib.json
[065月2025 17:44:44.544] [Worker-Main-28/WARN] [net.minecraft.client.resources.model.ModelBakery/]: Unable to load model: 'minecraft:fairylotus' referenced from: stellariscraft:fairylotus#inventory: java.io.FileNotFoundException: minecraft:models/fairylotus.json
[065月2025 17:44:44.549] [Worker-Main-28/WARN] [net.minecraft.client.resources.model.ModelBakery/]: Unable to load model: 'minecraft:balmung' referenced from: stellariscraft:balmung#inventory: java.io.FileNotFoundException: minecraft:models/balmung.json
[065月2025 17:44:44.552] [Worker-Main-28/WARN] [net.minecraft.client.resources.model.ModelBakery/]: Unable to load model: 'stellariscraft:custom/durandal_bb' referenced from: stellariscraft:durandal#inventory: net.minecraft.ResourceLocationException: Non [a-z0-9/._-] character in path of location: minecraft:Durandal_bb
[065月2025 17:44:44.555] [Worker-Main-28/WARN] [net.minecraft.client.resources.model.ModelBakery/]: Unable to load model: 'minecraft:liesnow' referenced from: stellariscraft:liesnow#inventory: java.io.FileNotFoundException: minecraft:models/liesnow.json
[065月2025 17:44:44.578] [Worker-Main-28/WARN] [net.minecraft.client.resources.model.ModelBakery/]: Unable to load model: 'star:defense#inventory' referenced from: star:defense#inventory: java.io.FileNotFoundException: star:models/item/defense.json
[065月2025 17:44:45.079] [Worker-Main-28/WARN] [net.minecraft.client.resources.model.ModelBakery/]: Unable to resolve texture reference: #missingno in stellariscraft:item/durandal
[065月2025 17:44:45.079] [Worker-Main-28/WARN] [net.minecraft.client.resources.model.ModelBakery/]: Unable to resolve texture reference: #missing in cataclysm:item/infernal_forge
[065月2025 17:44:45.112] [Worker-Main-18/ERROR] [net.minecraft.client.renderer.texture.TextureAtlas/]: Using missing texture, unable to load minecraft:textures/item/wusong.png : java.io.FileNotFoundException: minecraft:textures/item/wusong.png
[065月2025 17:44:45.710] [Worker-Main-24/WARN] [net.minecraft.client.renderer.texture.TextureAtlasSprite/]: Unused frames in sprite alexsmobs:item/hemolymph_sac: [3]
[065月2025 17:44:45.744] [Worker-Main-24/WARN] [net.minecraft.client.renderer.texture.TextureAtlasSprite/]: Unused frames in sprite irons_spellbooks:item/upgrade_orb_ender: [1, 5, 6, 7]
[065月2025 17:44:56.071] [Forge Version Check/WARN] [net.minecraftforge.fml.VersionChecker/]: Failed to process update information
java.net.http.HttpTimeoutException: request timed out
	at jdk.internal.net.http.HttpClientImpl.send(HttpClientImpl.java:571) ~[java.net.http:?]
	at jdk.internal.net.http.HttpClientFacade.send(HttpClientFacade.java:123) ~[java.net.http:?]
	at net.minecraftforge.fml.VersionChecker$1.openUrlString(VersionChecker.java:139) ~[fmlcore-1.18.2-40.2.17.jar%2384!/:?]
	at net.minecraftforge.fml.VersionChecker$1.process(VersionChecker.java:177) ~[fmlcore-1.18.2-40.2.17.jar%2384!/:?]
	at java.lang.Iterable.forEach(Iterable.java:75) [?:?]
	at net.minecraftforge.fml.VersionChecker$1.run(VersionChecker.java:114) [fmlcore-1.18.2-40.2.17.jar%2384!/:?]
[065月2025 17:44:56.072] [Forge Version Check/INFO] [net.minecraftforge.fml.VersionChecker/]: [unionlib_potionfluid] Starting version check at https://raw.githubusercontent.com/Stereowalker/My-Home-Page/main/update_files/unionlib-potions-fluids.json
[065月2025 17:45:11.072] [Forge Version Check/WARN] [net.minecraftforge.fml.VersionChecker/]: Failed to process update information
java.net.http.HttpTimeoutException: request timed out
	at jdk.internal.net.http.HttpClientImpl.send(HttpClientImpl.java:571) ~[java.net.http:?]
	at jdk.internal.net.http.HttpClientFacade.send(HttpClientFacade.java:123) ~[java.net.http:?]
	at net.minecraftforge.fml.VersionChecker$1.openUrlString(VersionChecker.java:139) ~[fmlcore-1.18.2-40.2.17.jar%2384!/:?]
	at net.minecraftforge.fml.VersionChecker$1.process(VersionChecker.java:177) ~[fmlcore-1.18.2-40.2.17.jar%2384!/:?]
	at java.lang.Iterable.forEach(Iterable.java:75) [?:?]
	at net.minecraftforge.fml.VersionChecker$1.run(VersionChecker.java:114) [fmlcore-1.18.2-40.2.17.jar%2384!/:?]
[065月2025 17:45:11.072] [Forge Version Check/INFO] [net.minecraftforge.fml.VersionChecker/]: [forge] Starting version check at https://files.minecraftforge.net/net/minecraftforge/forge/promotions_slim.json
[065月2025 17:45:11.869] [Forge Version Check/INFO] [net.minecraftforge.fml.VersionChecker/]: [forge] Found status: OUTDATED Current: 40.2.17 Target: 40.3.0
[065月2025 17:45:11.869] [Forge Version Check/INFO] [net.minecraftforge.fml.VersionChecker/]: [ibeeditor] Starting version check at https://raw.githubusercontent.com/Franckyi/IBE-Editor/1.18/forge_update.json
[065月2025 17:45:26.869] [Forge Version Check/WARN] [net.minecraftforge.fml.VersionChecker/]: Failed to process update information
java.net.http.HttpTimeoutException: request timed out
	at jdk.internal.net.http.HttpClientImpl.send(HttpClientImpl.java:571) ~[java.net.http:?]
	at jdk.internal.net.http.HttpClientFacade.send(HttpClientFacade.java:123) ~[java.net.http:?]
	at net.minecraftforge.fml.VersionChecker$1.openUrlString(VersionChecker.java:139) ~[fmlcore-1.18.2-40.2.17.jar%2384!/:?]
	at net.minecraftforge.fml.VersionChecker$1.process(VersionChecker.java:177) ~[fmlcore-1.18.2-40.2.17.jar%2384!/:?]
	at java.lang.Iterable.forEach(Iterable.java:75) [?:?]
	at net.minecraftforge.fml.VersionChecker$1.run(VersionChecker.java:114) [fmlcore-1.18.2-40.2.17.jar%2384!/:?]
[065月2025 17:45:47.938] [Worker-Main-25/WARN] [citadel/]: Failed to load patreon contributor perks
[065月2025 17:45:47.998] [Render thread/INFO] [com.dfdyz.epicacg.registry.WeaponTypes/]: Loading WeaponCapability
[065月2025 17:45:47.998] [Render thread/INFO] [com.dfdyz.epicacg.registry.WeaponTypes/]: WeaponCapability Loaded
[065月2025 17:45:48.046] [Worker-Main-29/INFO] [com.dfdyz.epicacg.EpicACG/]: Load Camera Animation: star:camera_animation/execute.json
[065月2025 17:45:48.046] [Worker-Main-17/INFO] [com.dfdyz.epicacg.EpicACG/]: Load Camera Animation: guhao:camera_animation/blood_judgement.json
[065月2025 17:45:48.047] [Worker-Main-27/INFO] [com.dfdyz.epicacg.EpicACG/]: Load Camera Animation: epicacg:camera_animation/yoimiya.json
[065月2025 17:45:48.047] [Worker-Main-17/INFO] [com.github.franckyi.ibeeditor.client.ClientInit/]: Setting up IBE Editor - client
[065月2025 17:45:48.047] [Worker-Main-27/INFO] [com.dfdyz.epicacg.EpicACG/]: Load Camera Animation: epicacg:camera_animation/sao_rapier_sa2.json
[065月2025 17:45:48.047] [Worker-Main-27/INFO] [com.dfdyz.epicacg.EpicACG/]: Load Camera Animation: epicacg:camera_animation/sao_rapier_sa2_post.json
[065月2025 17:45:48.048] [Worker-Main-27/INFO] [com.dfdyz.epicacg.EpicACG/]: Load Camera Animation: epicacg:camera_animation/dmc_v_prev.json
[065月2025 17:45:48.053] [Worker-Main-17/INFO] [com.github.franckyi.ibeeditor.client.ClientConfiguration/]: Client configuration loaded
[065月2025 17:45:48.060] [Worker-Main-27/INFO] [com.dfdyz.epicacg.config.ClientConfig/]: EpicAddon:Loading Sword Trail Item
[065月2025 17:45:48.060] [Worker-Main-27/INFO] [com.dfdyz.epicacg.config.ClientConfig/]: EpicAddon:Loading Death Particle Modifier
[065月2025 17:45:48.092] [Worker-Main-17/INFO] [com.github.franckyi.ibeeditor.client.Vault/]: Vault loaded
[065月2025 17:46:09.078] [Render thread/INFO] [com.dfdyz.epicacg.EpicACG/]: Reg Item Model Override
[065月2025 17:46:09.078] [Render thread/INFO] [com.dfdyz.epicacg.EpicACG/]: RegItemModelOverride
[065月2025 17:46:09.130] [Worker-Main-18/INFO] [io.redspace.ironsspellbooks.IronsSpellbooks/]: Got IMC []
[065月2025 17:46:09.184] [Worker-Main-22/INFO] [Waila/]: Start loading plugin at mcp.mobius.waila.addons.core.CorePlugin
[065月2025 17:46:09.190] [Worker-Main-22/INFO] [Waila/]: Start loading plugin at snownee.jade.VanillaPlugin
[065月2025 17:46:09.198] [Worker-Main-22/INFO] [Waila/]: Start loading plugin at com.teamderpy.shouldersurfing.compatibility.ShoulderSurfingWailaPluginForge
[065月2025 17:46:09.199] [Worker-Main-22/ERROR] [Waila/]: Error loading plugin at com.teamderpy.shouldersurfing.compatibility.ShoulderSurfingWailaPluginForge
java.lang.NoClassDefFoundError: mcp/mobius/waila/api/IObjectPicker
	at java.lang.Class.forName0(Native Method) ~[?:?]
	at java.lang.Class.forName(Class.java:375) ~[?:?]
	at mcp.mobius.waila.Waila.loadComplete(Waila.java:111) ~[Jade-1.18.2-forge-5.2.6-EpicFight_mapped_official_1.18.2.jar%2393!/:5.2.6]
	at net.minecraftforge.eventbus.EventBus.doCastFilter(EventBus.java:247) ~[eventbus-5.0.7.jar%2311!/:?]
	at net.minecraftforge.eventbus.EventBus.lambda$addListener$11(EventBus.java:239) ~[eventbus-5.0.7.jar%2311!/:?]
	at net.minecraftforge.eventbus.EventBus.post(EventBus.java:302) ~[eventbus-5.0.7.jar%2311!/:?]
	at net.minecraftforge.eventbus.EventBus.post(EventBus.java:283) ~[eventbus-5.0.7.jar%2311!/:?]
	at net.minecraftforge.fml.javafmlmod.FMLModContainer.acceptEvent(FMLModContainer.java:106) ~[javafmllanguage-1.18.2-40.2.17.jar%2381!/:?]
	at net.minecraftforge.fml.ModContainer.lambda$buildTransitionHandler$4(ModContainer.java:123) ~[fmlcore-1.18.2-40.2.17.jar%2384!/:?]
	at java.util.concurrent.CompletableFuture$AsyncRun.run(CompletableFuture.java:1804) [?:?]
	at java.util.concurrent.CompletableFuture$AsyncRun.exec(CompletableFuture.java:1796) [?:?]
	at java.util.concurrent.ForkJoinTask.doExec(ForkJoinTask.java:373) [?:?]
	at java.util.concurrent.ForkJoinPool$WorkQueue.topLevelExec(ForkJoinPool.java:1182) [?:?]
	at java.util.concurrent.ForkJoinPool.scan(ForkJoinPool.java:1655) [?:?]
	at java.util.concurrent.ForkJoinPool.runWorker(ForkJoinPool.java:1622) [?:?]
	at java.util.concurrent.ForkJoinWorkerThread.run(ForkJoinWorkerThread.java:165) [?:?]
Caused by: java.lang.ClassNotFoundException: mcp.mobius.waila.api.IObjectPicker
	at cpw.mods.cl.ModuleClassLoader.loadClass(ModuleClassLoader.java:141) ~[securejarhandler-1.0.8.jar:?]
	at java.lang.ClassLoader.loadClass(ClassLoader.java:520) ~[?:?]
	... 16 more
[065月2025 17:46:10.043] [Render thread/WARN] [net.minecraft.client.sounds.SoundEngine/]: Missing sound for event: cataclysm:ignisshieldbreak
[065月2025 17:46:10.086] [Render thread/INFO] [com.mojang.blaze3d.audio.Library/]: OpenAL initialized on device OpenAL Soft on 扬声器 (HECATE G2 GAMING HEADSET)
[065月2025 17:46:10.087] [Render thread/INFO] [net.minecraft.client.sounds.SoundEngine/SOUNDS]: Sound engine started
[065月2025 17:46:10.208] [Render thread/INFO] [net.minecraft.client.renderer.texture.TextureAtlas/]: Created: 8192x4096x4 minecraft:textures/atlas/blocks.png-atlas
[065月2025 17:46:10.412] [Render thread/INFO] [net.minecraft.client.renderer.texture.TextureAtlas/]: Created: 256x128x4 minecraft:textures/atlas/signs.png-atlas
[065月2025 17:46:10.412] [Render thread/INFO] [net.minecraft.client.renderer.texture.TextureAtlas/]: Created: 512x512x4 minecraft:textures/atlas/banner_patterns.png-atlas
[065月2025 17:46:10.413] [Render thread/INFO] [net.minecraft.client.renderer.texture.TextureAtlas/]: Created: 512x512x4 minecraft:textures/atlas/shield_patterns.png-atlas
[065月2025 17:46:10.414] [Render thread/INFO] [net.minecraft.client.renderer.texture.TextureAtlas/]: Created: 256x256x4 minecraft:textures/atlas/chest.png-atlas
[065月2025 17:46:10.415] [Render thread/INFO] [net.minecraft.client.renderer.texture.TextureAtlas/]: Created: 512x256x4 minecraft:textures/atlas/beds.png-atlas
[065月2025 17:46:10.415] [Render thread/INFO] [net.minecraft.client.renderer.texture.TextureAtlas/]: Created: 512x256x4 minecraft:textures/atlas/shulker_boxes.png-atlas
[065月2025 17:46:10.777] [Render thread/INFO] [com.dfdyz.epicacg.EpicACG/]: Reg Item Renderer
[065月2025 17:46:10.804] [Render thread/INFO] [com.dfdyz.epicacg.EpicACG/]: OK.
[065月2025 17:46:11.004] [Render thread/WARN] [com.github.alexthe666.alexsmobs.AlexsMobs/]: Could not apply rainbow color layer to mowziesmobs:umvuthana_follower_raptor, has custom renderer that is not LivingEntityRenderer.
[065月2025 17:46:11.004] [Render thread/WARN] [com.github.alexthe666.alexsmobs.AlexsMobs/]: Could not apply rainbow color layer to mowziesmobs:umvuthana_follower_player, has custom renderer that is not LivingEntityRenderer.
[065月2025 17:46:11.004] [Render thread/WARN] [com.github.alexthe666.alexsmobs.AlexsMobs/]: Could not apply rainbow color layer to mowziesmobs:umvuthana_crane_player, has custom renderer that is not LivingEntityRenderer.
[065月2025 17:46:11.004] [Render thread/WARN] [com.github.alexthe666.alexsmobs.AlexsMobs/]: Could not apply rainbow color layer to mowziesmobs:umvuthana, has custom renderer that is not LivingEntityRenderer.
[065月2025 17:46:11.004] [Render thread/WARN] [com.github.alexthe666.alexsmobs.AlexsMobs/]: Could not apply rainbow color layer to mowziesmobs:umvuthana_raptor, has custom renderer that is not LivingEntityRenderer.
[065月2025 17:46:11.004] [Render thread/WARN] [com.github.alexthe666.alexsmobs.AlexsMobs/]: Could not apply rainbow color layer to mowziesmobs:umvuthana_crane, has custom renderer that is not LivingEntityRenderer.
[065月2025 17:46:11.004] [Render thread/WARN] [com.github.alexthe666.alexsmobs.AlexsMobs/]: Could not apply rainbow color layer to mowziesmobs:umvuthi, has custom renderer that is not LivingEntityRenderer.
[065月2025 17:46:11.004] [Render thread/WARN] [com.github.alexthe666.alexsmobs.AlexsMobs/]: Could not apply rainbow color layer to irons_spellbooks:wisp, has custom renderer that is not LivingEntityRenderer.
[065月2025 17:46:11.004] [Render thread/WARN] [com.github.alexthe666.alexsmobs.AlexsMobs/]: Could not apply rainbow color layer to irons_spellbooks:spectral_hammer, has custom renderer that is not LivingEntityRenderer.
[065月2025 17:46:11.004] [Render thread/WARN] [com.github.alexthe666.alexsmobs.AlexsMobs/]: Could not apply rainbow color layer to irons_spellbooks:debug_wizard, has custom renderer that is not LivingEntityRenderer.
[065月2025 17:46:11.004] [Render thread/WARN] [com.github.alexthe666.alexsmobs.AlexsMobs/]: Could not apply rainbow color layer to irons_spellbooks:pyromancer, has custom renderer that is not LivingEntityRenderer.
[065月2025 17:46:11.004] [Render thread/WARN] [com.github.alexthe666.alexsmobs.AlexsMobs/]: Could not apply rainbow color layer to irons_spellbooks:cryomancer, has custom renderer that is not LivingEntityRenderer.
[065月2025 17:46:11.004] [Render thread/WARN] [com.github.alexthe666.alexsmobs.AlexsMobs/]: Could not apply rainbow color layer to irons_spellbooks:necromancer, has custom renderer that is not LivingEntityRenderer.
[065月2025 17:46:11.004] [Render thread/WARN] [com.github.alexthe666.alexsmobs.AlexsMobs/]: Could not apply rainbow color layer to irons_spellbooks:summoned_zombie, has custom renderer that is not LivingEntityRenderer.
[065月2025 17:46:11.004] [Render thread/WARN] [com.github.alexthe666.alexsmobs.AlexsMobs/]: Could not apply rainbow color layer to irons_spellbooks:summoned_skeleton, has custom renderer that is not LivingEntityRenderer.
[065月2025 17:46:11.004] [Render thread/WARN] [com.github.alexthe666.alexsmobs.AlexsMobs/]: Could not apply rainbow color layer to irons_spellbooks:dead_king, has custom renderer that is not LivingEntityRenderer.
[065月2025 17:46:11.005] [Render thread/WARN] [com.github.alexthe666.alexsmobs.AlexsMobs/]: Could not apply rainbow color layer to irons_spellbooks:dead_king_corpse, has custom renderer that is not LivingEntityRenderer.
[065月2025 17:46:11.005] [Render thread/WARN] [com.github.alexthe666.alexsmobs.AlexsMobs/]: Could not apply rainbow color layer to irons_spellbooks:archevoker, has custom renderer that is not LivingEntityRenderer.
[065月2025 17:46:11.005] [Render thread/WARN] [com.github.alexthe666.alexsmobs.AlexsMobs/]: Could not apply rainbow color layer to irons_spellbooks:citadel_keeper, has custom renderer that is not LivingEntityRenderer.
[065月2025 17:46:11.005] [Render thread/WARN] [com.github.alexthe666.alexsmobs.AlexsMobs/]: Could not apply rainbow color layer to irons_spellbooks:void_tentacle, has custom renderer that is not LivingEntityRenderer.
[065月2025 17:46:11.005] [Render thread/WARN] [com.github.alexthe666.alexsmobs.AlexsMobs/]: Could not apply rainbow color layer to irons_spellbooks:root, has custom renderer that is not LivingEntityRenderer.
[065月2025 17:46:11.005] [Render thread/WARN] [com.github.alexthe666.alexsmobs.AlexsMobs/]: Could not apply rainbow color layer to epicfight:dodge_left, has custom renderer that is not LivingEntityRenderer.
[065月2025 17:46:11.026] [Render thread/INFO] [com.dfdyz.epicacg.EpicACG/]: Reg Item EFM Renderer Override
[065月2025 17:46:11.343] [Render thread/WARN] [net.minecraft.client.renderer.ShaderInstance/]: Shader lodestone:vertex_distortion could not find uniform named FogStart in the specified shader program.
[065月2025 17:46:11.343] [Render thread/WARN] [net.minecraft.client.renderer.ShaderInstance/]: Shader lodestone:vertex_distortion could not find uniform named FogEnd in the specified shader program.
[065月2025 17:46:11.343] [Render thread/WARN] [net.minecraft.client.renderer.ShaderInstance/]: Shader lodestone:vertex_distortion could not find uniform named FogColor in the specified shader program.
[065月2025 17:46:11.607] [Render thread/INFO] [net.minecraft.client.renderer.texture.TextureAtlas/]: Created: 4096x4096x0 minecraft:textures/atlas/particles.png-atlas
[065月2025 17:46:11.624] [Render thread/INFO] [net.minecraft.client.renderer.texture.TextureAtlas/]: Created: 512x512x0 minecraft:textures/atlas/paintings.png-atlas
[065月2025 17:46:11.625] [Render thread/INFO] [net.minecraft.client.renderer.texture.TextureAtlas/]: Created: 4096x2048x0 minecraft:textures/atlas/mob_effects.png-atlas
[065月2025 17:46:11.761] [Render thread/WARN] [epicfight/]: [EpicFightMod] Can't find the joint Arm_R_IK in the animation file, LongHitAnimation wom:animmodels/animations/biped/living/biped_hit_extra_long
[065月2025 17:46:11.761] [Render thread/WARN] [epicfight/]: [EpicFightMod] Can't find the joint Arm_L_IK in the animation file, LongHitAnimation wom:animmodels/animations/biped/living/biped_hit_extra_long
[065月2025 17:46:11.761] [Render thread/WARN] [epicfight/]: [EpicFightMod] Can't find the joint Leg_R_IK in the animation file, LongHitAnimation wom:animmodels/animations/biped/living/biped_hit_extra_long
[065月2025 17:46:11.761] [Render thread/WARN] [epicfight/]: [EpicFightMod] Can't find the joint Leg_L_IK in the animation file, LongHitAnimation wom:animmodels/animations/biped/living/biped_hit_extra_long
[065月2025 17:46:11.926] [Render thread/WARN] [epicfight/]: [EpicFightMod] Can't find the joint Arm_R_IK in the animation file, BasicMultipleAttackAnimation wom:animmodels/animations/biped/skill/bull_charge
[065月2025 17:46:11.927] [Render thread/WARN] [epicfight/]: [EpicFightMod] Can't find the joint Arm_L_IK in the animation file, BasicMultipleAttackAnimation wom:animmodels/animations/biped/skill/bull_charge
[065月2025 17:46:11.927] [Render thread/WARN] [epicfight/]: [EpicFightMod] Can't find the joint Leg_R_IK in the animation file, BasicMultipleAttackAnimation wom:animmodels/animations/biped/skill/bull_charge
[065月2025 17:46:11.927] [Render thread/WARN] [epicfight/]: [EpicFightMod] Can't find the joint Leg_L_IK in the animation file, BasicMultipleAttackAnimation wom:animmodels/animations/biped/skill/bull_charge
[065月2025 17:46:11.934] [Render thread/WARN] [epicfight/]: [EpicFightMod] Can't find the joint Leg_R_IK in the animation file, StaticAnimation wom:animmodels/animations/biped/skill/meditation_siting
[065月2025 17:46:11.934] [Render thread/WARN] [epicfight/]: [EpicFightMod] Can't find the joint Leg_L_IK in the animation file, StaticAnimation wom:animmodels/animations/biped/skill/meditation_siting
[065月2025 17:46:11.934] [Render thread/WARN] [epicfight/]: [EpicFightMod] Can't find the joint Weapon_IK in the animation file, StaticAnimation wom:animmodels/animations/biped/skill/meditation_siting
[065月2025 17:46:11.934] [Render thread/WARN] [epicfight/]: [EpicFightMod] Can't find the joint Sheath_IK in the animation file, StaticAnimation wom:animmodels/animations/biped/skill/meditation_siting
[065月2025 17:46:11.935] [Render thread/WARN] [epicfight/]: [EpicFightMod] Can't find the joint Leg_R_IK in the animation file, StaticAnimation wom:animmodels/animations/biped/skill/meditation_breathing
[065月2025 17:46:11.935] [Render thread/WARN] [epicfight/]: [EpicFightMod] Can't find the joint Leg_L_IK in the animation file, StaticAnimation wom:animmodels/animations/biped/skill/meditation_breathing
[065月2025 17:46:11.935] [Render thread/WARN] [epicfight/]: [EpicFightMod] Can't find the joint Weapon_IK in the animation file, StaticAnimation wom:animmodels/animations/biped/skill/meditation_breathing
[065月2025 17:46:11.935] [Render thread/WARN] [epicfight/]: [EpicFightMod] Can't find the joint Sheath_IK in the animation file, StaticAnimation wom:animmodels/animations/biped/skill/meditation_breathing
[065月2025 17:46:11.936] [Render thread/WARN] [epicfight/]: [EpicFightMod] Can't find the joint Leg_R_IK in the animation file, BasicMultipleAttackAnimation wom:animmodels/animations/biped/combat/agony_auto_1
[065月2025 17:46:11.937] [Render thread/WARN] [epicfight/]: [EpicFightMod] Can't find the joint Leg_L_IK in the animation file, BasicMultipleAttackAnimation wom:animmodels/animations/biped/combat/agony_auto_1
[065月2025 17:46:11.953] [Render thread/WARN] [epicfight/]: [EpicFightMod] Can't find the joint Leg_R_IK in the animation file, MovementAnimation wom:animmodels/animations/biped/living/agony_walk
[065月2025 17:46:11.953] [Render thread/WARN] [epicfight/]: [EpicFightMod] Can't find the joint Leg_L_IK in the animation file, MovementAnimation wom:animmodels/animations/biped/living/agony_walk
[065月2025 17:46:11.970] [Render thread/WARN] [epicfight/]: [EpicFightMod] Can't find the joint Arm_R_IK in the animation file, BasicMultipleAttackAnimation wom:animmodels/animations/biped/combat/ruine_auto_3
[065月2025 17:46:11.971] [Render thread/WARN] [epicfight/]: [EpicFightMod] Can't find the joint Arm_L_IK in the animation file, BasicMultipleAttackAnimation wom:animmodels/animations/biped/combat/ruine_auto_3
[065月2025 17:46:11.971] [Render thread/WARN] [epicfight/]: [EpicFightMod] Can't find the joint Leg_R_IK in the animation file, BasicMultipleAttackAnimation wom:animmodels/animations/biped/combat/ruine_auto_3
[065月2025 17:46:11.971] [Render thread/WARN] [epicfight/]: [EpicFightMod] Can't find the joint Leg_L_IK in the animation file, BasicMultipleAttackAnimation wom:animmodels/animations/biped/combat/ruine_auto_3
[065月2025 17:46:11.980] [Render thread/WARN] [epicfight/]: [EpicFightMod] Can't find the joint Arm_R_IK in the animation file, MovementAnimation wom:animmodels/animations/biped/living/ruine_walk
[065月2025 17:46:11.980] [Render thread/WARN] [epicfight/]: [EpicFightMod] Can't find the joint Arm_L_IK in the animation file, MovementAnimation wom:animmodels/animations/biped/living/ruine_walk
[065月2025 17:46:11.980] [Render thread/WARN] [epicfight/]: [EpicFightMod] Can't find the joint Leg_R_IK in the animation file, MovementAnimation wom:animmodels/animations/biped/living/ruine_walk
[065月2025 17:46:11.980] [Render thread/WARN] [epicfight/]: [EpicFightMod] Can't find the joint Leg_L_IK in the animation file, MovementAnimation wom:animmodels/animations/biped/living/ruine_walk
[065月2025 17:46:11.986] [Render thread/WARN] [epicfight/]: [EpicFightMod] Can't find the joint Arm_R_IK in the animation file, SpecialAttackAnimation wom:animmodels/animations/biped/skill/ruine_expiation
[065月2025 17:46:11.986] [Render thread/WARN] [epicfight/]: [EpicFightMod] Can't find the joint Arm_L_IK in the animation file, SpecialAttackAnimation wom:animmodels/animations/biped/skill/ruine_expiation
[065月2025 17:46:11.986] [Render thread/WARN] [epicfight/]: [EpicFightMod] Can't find the joint Leg_R_IK in the animation file, SpecialAttackAnimation wom:animmodels/animations/biped/skill/ruine_expiation
[065月2025 17:46:11.986] [Render thread/WARN] [epicfight/]: [EpicFightMod] Can't find the joint Leg_L_IK in the animation file, SpecialAttackAnimation wom:animmodels/animations/biped/skill/ruine_expiation
[065月2025 17:46:11.987] [Render thread/WARN] [epicfight/]: [EpicFightMod] Can't find the joint Arm_R_IK in the animation file, SpecialAttackAnimation wom:animmodels/animations/biped/skill/ruine_redemption
[065月2025 17:46:11.987] [Render thread/WARN] [epicfight/]: [EpicFightMod] Can't find the joint Arm_L_IK in the animation file, SpecialAttackAnimation wom:animmodels/animations/biped/skill/ruine_redemption
[065月2025 17:46:11.987] [Render thread/WARN] [epicfight/]: [EpicFightMod] Can't find the joint Leg_R_IK in the animation file, SpecialAttackAnimation wom:animmodels/animations/biped/skill/ruine_redemption
[065月2025 17:46:11.987] [Render thread/WARN] [epicfight/]: [EpicFightMod] Can't find the joint Leg_L_IK in the animation file, SpecialAttackAnimation wom:animmodels/animations/biped/skill/ruine_redemption
[065月2025 17:46:12.000] [Render thread/WARN] [epicfight/]: [EpicFightMod] Can't find the joint Arm_R_IK in the animation file, MovementAnimation wom:animmodels/animations/biped/living/torment_run
[065月2025 17:46:12.001] [Render thread/WARN] [epicfight/]: [EpicFightMod] Can't find the joint Arm_L_IK in the animation file, MovementAnimation wom:animmodels/animations/biped/living/torment_run
[065月2025 17:46:12.001] [Render thread/WARN] [epicfight/]: [EpicFightMod] Can't find the joint Leg_R_IK in the animation file, MovementAnimation wom:animmodels/animations/biped/living/torment_run
[065月2025 17:46:12.001] [Render thread/WARN] [epicfight/]: [EpicFightMod] Can't find the joint Leg_L_IK in the animation file, MovementAnimation wom:animmodels/animations/biped/living/torment_run
[065月2025 17:46:12.007] [Render thread/WARN] [epicfight/]: [EpicFightMod] Can't find the joint Leg_R_IK in the animation file, BasicMultipleAttackAnimation wom:animmodels/animations/biped/combat/torment_charged_attack_1
[065月2025 17:46:12.007] [Render thread/WARN] [epicfight/]: [EpicFightMod] Can't find the joint Leg_L_IK in the animation file, BasicMultipleAttackAnimation wom:animmodels/animations/biped/combat/torment_charged_attack_1
[065月2025 17:46:12.009] [Render thread/WARN] [epicfight/]: [EpicFightMod] Can't find the joint Leg_R_IK in the animation file, BasicMultipleAttackAnimation wom:animmodels/animations/biped/combat/torment_charged_attack_2
[065月2025 17:46:12.009] [Render thread/WARN] [epicfight/]: [EpicFightMod] Can't find the joint Leg_L_IK in the animation file, BasicMultipleAttackAnimation wom:animmodels/animations/biped/combat/torment_charged_attack_2
[065月2025 17:46:12.012] [Render thread/WARN] [epicfight/]: [EpicFightMod] Can't find the joint Leg_R_IK in the animation file, BasicMultipleAttackAnimation wom:animmodels/animations/biped/combat/torment_charged_attack_3
[065月2025 17:46:12.012] [Render thread/WARN] [epicfight/]: [EpicFightMod] Can't find the joint Leg_L_IK in the animation file, BasicMultipleAttackAnimation wom:animmodels/animations/biped/combat/torment_charged_attack_3
[065月2025 17:46:12.047] [Render thread/WARN] [epicfight/]: [EpicFightMod] Can't find the joint Leg_R_IK in the animation file, StaticAnimation wom:animmodels/animations/biped/living/katana_sheathe
[065月2025 17:46:12.047] [Render thread/WARN] [epicfight/]: [EpicFightMod] Can't find the joint Leg_L_IK in the animation file, StaticAnimation wom:animmodels/animations/biped/living/katana_sheathe
[065月2025 17:46:12.047] [Render thread/WARN] [epicfight/]: [EpicFightMod] Can't find the joint Weapon_IK in the animation file, StaticAnimation wom:animmodels/animations/biped/living/katana_sheathe
[065月2025 17:46:12.047] [Render thread/WARN] [epicfight/]: [EpicFightMod] Can't find the joint Sheath_IK in the animation file, StaticAnimation wom:animmodels/animations/biped/living/katana_sheathe
[065月2025 17:46:12.057] [Render thread/WARN] [epicfight/]: [EpicFightMod] Can't find the joint Arm_R_IK in the animation file, BasicMultipleAttackAnimation wom:animmodels/animations/biped/combat/katana_auto_2
[065月2025 17:46:12.057] [Render thread/WARN] [epicfight/]: [EpicFightMod] Can't find the joint Arm_L_IK in the animation file, BasicMultipleAttackAnimation wom:animmodels/animations/biped/combat/katana_auto_2
[065月2025 17:46:12.057] [Render thread/WARN] [epicfight/]: [EpicFightMod] Can't find the joint Leg_R_IK in the animation file, BasicMultipleAttackAnimation wom:animmodels/animations/biped/combat/katana_auto_2
[065月2025 17:46:12.057] [Render thread/WARN] [epicfight/]: [EpicFightMod] Can't find the joint Leg_L_IK in the animation file, BasicMultipleAttackAnimation wom:animmodels/animations/biped/combat/katana_auto_2
[065月2025 17:46:12.133] [Render thread/WARN] [epicfight/]: [EpicFightMod] Can't find the joint Arm_R_IK in the animation file, EnderblasterShootAttackAnimation wom:animmodels/animations/biped/skill/enderblaster_twohand_shoot_3
[065月2025 17:46:12.133] [Render thread/WARN] [epicfight/]: [EpicFightMod] Can't find the joint Arm_L_IK in the animation file, EnderblasterShootAttackAnimation wom:animmodels/animations/biped/skill/enderblaster_twohand_shoot_3
[065月2025 17:46:12.133] [Render thread/WARN] [epicfight/]: [EpicFightMod] Can't find the joint Leg_R_IK in the animation file, EnderblasterShootAttackAnimation wom:animmodels/animations/biped/skill/enderblaster_twohand_shoot_3
[065月2025 17:46:12.133] [Render thread/WARN] [epicfight/]: [EpicFightMod] Can't find the joint Leg_L_IK in the animation file, EnderblasterShootAttackAnimation wom:animmodels/animations/biped/skill/enderblaster_twohand_shoot_3
[065月2025 17:46:12.136] [Render thread/WARN] [epicfight/]: [EpicFightMod] Can't find the joint Arm_R_IK in the animation file, EnderblasterShootAttackAnimation wom:animmodels/animations/biped/skill/enderblaster_twohand_evade_left
[065月2025 17:46:12.136] [Render thread/WARN] [epicfight/]: [EpicFightMod] Can't find the joint Arm_L_IK in the animation file, EnderblasterShootAttackAnimation wom:animmodels/animations/biped/skill/enderblaster_twohand_evade_left
[065月2025 17:46:12.136] [Render thread/WARN] [epicfight/]: [EpicFightMod] Can't find the joint Leg_R_IK in the animation file, EnderblasterShootAttackAnimation wom:animmodels/animations/biped/skill/enderblaster_twohand_evade_left
[065月2025 17:46:12.136] [Render thread/WARN] [epicfight/]: [EpicFightMod] Can't find the joint Leg_L_IK in the animation file, EnderblasterShootAttackAnimation wom:animmodels/animations/biped/skill/enderblaster_twohand_evade_left
[065月2025 17:46:12.138] [Render thread/WARN] [epicfight/]: [EpicFightMod] Can't find the joint Arm_R_IK in the animation file, EnderblasterShootAttackAnimation wom:animmodels/animations/biped/skill/enderblaster_twohand_evade_right
[065月2025 17:46:12.138] [Render thread/WARN] [epicfight/]: [EpicFightMod] Can't find the joint Arm_L_IK in the animation file, EnderblasterShootAttackAnimation wom:animmodels/animations/biped/skill/enderblaster_twohand_evade_right
[065月2025 17:46:12.138] [Render thread/WARN] [epicfight/]: [EpicFightMod] Can't find the joint Leg_R_IK in the animation file, EnderblasterShootAttackAnimation wom:animmodels/animations/biped/skill/enderblaster_twohand_evade_right
[065月2025 17:46:12.138] [Render thread/WARN] [epicfight/]: [EpicFightMod] Can't find the joint Leg_L_IK in the animation file, EnderblasterShootAttackAnimation wom:animmodels/animations/biped/skill/enderblaster_twohand_evade_right
[065月2025 17:46:12.157] [Render thread/WARN] [epicfight/]: [EpicFightMod] Can't find the joint Arm_R_IK in the animation file, BasicMultipleAttackAnimation wom:animmodels/animations/biped/combat/staff_kingkong
[065月2025 17:46:12.157] [Render thread/WARN] [epicfight/]: [EpicFightMod] Can't find the joint Arm_L_IK in the animation file, BasicMultipleAttackAnimation wom:animmodels/animations/biped/combat/staff_kingkong
[065月2025 17:46:12.157] [Render thread/WARN] [epicfight/]: [EpicFightMod] Can't find the joint Leg_R_IK in the animation file, BasicMultipleAttackAnimation wom:animmodels/animations/biped/combat/staff_kingkong
[065月2025 17:46:12.158] [Render thread/WARN] [epicfight/]: [EpicFightMod] Can't find the joint Leg_L_IK in the animation file, BasicMultipleAttackAnimation wom:animmodels/animations/biped/combat/staff_kingkong
[065月2025 17:46:12.204] [Render thread/WARN] [epicfight/]: [EpicFightMod] Can't find the joint Leg_R_IK in the animation file, StaticAnimation wom:animmodels/animations/biped/skill/herrscher_guard
[065月2025 17:46:12.204] [Render thread/WARN] [epicfight/]: [EpicFightMod] Can't find the joint Leg_L_IK in the animation file, StaticAnimation wom:animmodels/animations/biped/skill/herrscher_guard
[065月2025 17:46:12.204] [Render thread/WARN] [epicfight/]: [EpicFightMod] Can't find the joint Leg_R_IK in the animation file, GuardAnimation wom:animmodels/animations/biped/skill/herrscher_guard_hit
[065月2025 17:46:12.204] [Render thread/WARN] [epicfight/]: [EpicFightMod] Can't find the joint Leg_L_IK in the animation file, GuardAnimation wom:animmodels/animations/biped/skill/herrscher_guard_hit
[065月2025 17:46:12.205] [Render thread/WARN] [epicfight/]: [EpicFightMod] Can't find the joint Leg_R_IK in the animation file, GuardAnimation wom:animmodels/animations/biped/skill/herrscher_guard_parry
[065月2025 17:46:12.206] [Render thread/WARN] [epicfight/]: [EpicFightMod] Can't find the joint Leg_L_IK in the animation file, GuardAnimation wom:animmodels/animations/biped/skill/herrscher_guard_parry
[065月2025 17:46:12.207] [Render thread/WARN] [epicfight/]: [EpicFightMod] Can't find the joint Leg_R_IK in the animation file, BasicMultipleAttackAnimation wom:animmodels/animations/biped/skill/herrscher_trane
[065月2025 17:46:12.207] [Render thread/WARN] [epicfight/]: [EpicFightMod] Can't find the joint Leg_L_IK in the animation file, BasicMultipleAttackAnimation wom:animmodels/animations/biped/skill/herrscher_trane
[065月2025 17:46:12.208] [Render thread/WARN] [epicfight/]: [EpicFightMod] Can't find the joint Leg_R_IK in the animation file, BasicMultipleAttackAnimation wom:animmodels/animations/biped/combat/herrscher_auto_1
[065月2025 17:46:12.208] [Render thread/WARN] [epicfight/]: [EpicFightMod] Can't find the joint Leg_L_IK in the animation file, BasicMultipleAttackAnimation wom:animmodels/animations/biped/combat/herrscher_auto_1
[065月2025 17:46:12.209] [Render thread/WARN] [epicfight/]: [EpicFightMod] Can't find the joint Leg_R_IK in the animation file, BasicMultipleAttackAnimation wom:animmodels/animations/biped/combat/herrscher_auto_2
[065月2025 17:46:12.209] [Render thread/WARN] [epicfight/]: [EpicFightMod] Can't find the joint Leg_L_IK in the animation file, BasicMultipleAttackAnimation wom:animmodels/animations/biped/combat/herrscher_auto_2
[065月2025 17:46:12.211] [Render thread/WARN] [epicfight/]: [EpicFightMod] Can't find the joint Leg_R_IK in the animation file, BasicMultipleAttackAnimation wom:animmodels/animations/biped/combat/herrscher_auto_3
[065月2025 17:46:12.211] [Render thread/WARN] [epicfight/]: [EpicFightMod] Can't find the joint Leg_L_IK in the animation file, BasicMultipleAttackAnimation wom:animmodels/animations/biped/combat/herrscher_auto_3
[065月2025 17:46:12.213] [Render thread/WARN] [epicfight/]: [EpicFightMod] Can't find the joint Leg_R_IK in the animation file, BasicMultipleAttackAnimation wom:animmodels/animations/biped/combat/herrscher_befreiung
[065月2025 17:46:12.213] [Render thread/WARN] [epicfight/]: [EpicFightMod] Can't find the joint Leg_L_IK in the animation file, BasicMultipleAttackAnimation wom:animmodels/animations/biped/combat/herrscher_befreiung
[065月2025 17:46:12.214] [Render thread/WARN] [epicfight/]: [EpicFightMod] Can't find the joint Leg_R_IK in the animation file, BasicMultipleAttackAnimation wom:animmodels/animations/biped/combat/herrscher_ausrottung
[065月2025 17:46:12.215] [Render thread/WARN] [epicfight/]: [EpicFightMod] Can't find the joint Leg_L_IK in the animation file, BasicMultipleAttackAnimation wom:animmodels/animations/biped/combat/herrscher_ausrottung
[065月2025 17:46:12.216] [Render thread/WARN] [epicfight/]: [EpicFightMod] Can't find the joint Leg_R_IK in the animation file, BasicMultipleAttackAnimation wom:animmodels/animations/biped/skill/gezets_auto_1
[065月2025 17:46:12.216] [Render thread/WARN] [epicfight/]: [EpicFightMod] Can't find the joint Leg_L_IK in the animation file, BasicMultipleAttackAnimation wom:animmodels/animations/biped/skill/gezets_auto_1
[065月2025 17:46:12.217] [Render thread/WARN] [epicfight/]: [EpicFightMod] Can't find the joint Leg_R_IK in the animation file, BasicMultipleAttackAnimation wom:animmodels/animations/biped/skill/gezets_auto_2
[065月2025 17:46:12.217] [Render thread/WARN] [epicfight/]: [EpicFightMod] Can't find the joint Leg_L_IK in the animation file, BasicMultipleAttackAnimation wom:animmodels/animations/biped/skill/gezets_auto_2
[065月2025 17:46:12.223] [Render thread/WARN] [epicfight/]: [EpicFightMod] Can't find the joint Arm_R_IK in the animation file, BasicMultipleAttackAnimation wom:animmodels/animations/biped/skill/gezets_auto_3
[065月2025 17:46:12.223] [Render thread/WARN] [epicfight/]: [EpicFightMod] Can't find the joint Leg_R_IK in the animation file, BasicMultipleAttackAnimation wom:animmodels/animations/biped/skill/gezets_auto_3
[065月2025 17:46:12.223] [Render thread/WARN] [epicfight/]: [EpicFightMod] Can't find the joint Leg_L_IK in the animation file, BasicMultipleAttackAnimation wom:animmodels/animations/biped/skill/gezets_auto_3
[065月2025 17:46:12.225] [Render thread/WARN] [epicfight/]: [EpicFightMod] Can't find the joint Leg_R_IK in the animation file, BasicMultipleAttackAnimation wom:animmodels/animations/biped/skill/gezets_sprengkopf
[065月2025 17:46:12.225] [Render thread/WARN] [epicfight/]: [EpicFightMod] Can't find the joint Leg_L_IK in the animation file, BasicMultipleAttackAnimation wom:animmodels/animations/biped/skill/gezets_sprengkopf
[065月2025 17:46:12.226] [Render thread/WARN] [epicfight/]: [EpicFightMod] Can't find the joint Leg_R_IK in the animation file, BasicMultipleAttackAnimation wom:animmodels/animations/biped/skill/gezets_krummen
[065月2025 17:46:12.226] [Render thread/WARN] [epicfight/]: [EpicFightMod] Can't find the joint Leg_L_IK in the animation file, BasicMultipleAttackAnimation wom:animmodels/animations/biped/skill/gezets_krummen
[065月2025 17:46:12.228] [Render thread/WARN] [epicfight/]: [EpicFightMod] Can't find the joint Arm_R_IK in the animation file, StaticAnimation wom:animmodels/animations/biped/living/moonless_idle
[065月2025 17:46:12.228] [Render thread/WARN] [epicfight/]: [EpicFightMod] Can't find the joint Arm_L_IK in the animation file, StaticAnimation wom:animmodels/animations/biped/living/moonless_idle
[065月2025 17:46:12.228] [Render thread/WARN] [epicfight/]: [EpicFightMod] Can't find the joint Leg_R_IK in the animation file, StaticAnimation wom:animmodels/animations/biped/living/moonless_idle
[065月2025 17:46:12.228] [Render thread/WARN] [epicfight/]: [EpicFightMod] Can't find the joint Leg_L_IK in the animation file, StaticAnimation wom:animmodels/animations/biped/living/moonless_idle
[065月2025 17:46:12.229] [Render thread/WARN] [epicfight/]: [EpicFightMod] Can't find the joint Arm_R_IK in the animation file, MovementAnimation wom:animmodels/animations/biped/living/moonless_walk
[065月2025 17:46:12.229] [Render thread/WARN] [epicfight/]: [EpicFightMod] Can't find the joint Arm_L_IK in the animation file, MovementAnimation wom:animmodels/animations/biped/living/moonless_walk
[065月2025 17:46:12.229] [Render thread/WARN] [epicfight/]: [EpicFightMod] Can't find the joint Leg_R_IK in the animation file, MovementAnimation wom:animmodels/animations/biped/living/moonless_walk
[065月2025 17:46:12.229] [Render thread/WARN] [epicfight/]: [EpicFightMod] Can't find the joint Leg_L_IK in the animation file, MovementAnimation wom:animmodels/animations/biped/living/moonless_walk
[065月2025 17:46:12.232] [Render thread/WARN] [epicfight/]: [EpicFightMod] Can't find the joint Arm_R_IK in the animation file, MovementAnimation wom:animmodels/animations/biped/living/moonless_run
[065月2025 17:46:12.232] [Render thread/WARN] [epicfight/]: [EpicFightMod] Can't find the joint Arm_L_IK in the animation file, MovementAnimation wom:animmodels/animations/biped/living/moonless_run
[065月2025 17:46:12.232] [Render thread/WARN] [epicfight/]: [EpicFightMod] Can't find the joint Leg_R_IK in the animation file, MovementAnimation wom:animmodels/animations/biped/living/moonless_run
[065月2025 17:46:12.232] [Render thread/WARN] [epicfight/]: [EpicFightMod] Can't find the joint Leg_L_IK in the animation file, MovementAnimation wom:animmodels/animations/biped/living/moonless_run
[065月2025 17:46:12.234] [Render thread/WARN] [epicfight/]: [EpicFightMod] Can't find the joint Arm_R_IK in the animation file, BasicMultipleAttackAnimation wom:animmodels/animations/biped/combat/moonless_reversed_bypass
[065月2025 17:46:12.234] [Render thread/WARN] [epicfight/]: [EpicFightMod] Can't find the joint Arm_L_IK in the animation file, BasicMultipleAttackAnimation wom:animmodels/animations/biped/combat/moonless_reversed_bypass
[065月2025 17:46:12.234] [Render thread/WARN] [epicfight/]: [EpicFightMod] Can't find the joint Leg_R_IK in the animation file, BasicMultipleAttackAnimation wom:animmodels/animations/biped/combat/moonless_reversed_bypass
[065月2025 17:46:12.234] [Render thread/WARN] [epicfight/]: [EpicFightMod] Can't find the joint Leg_L_IK in the animation file, BasicMultipleAttackAnimation wom:animmodels/animations/biped/combat/moonless_reversed_bypass
[065月2025 17:46:12.236] [Render thread/WARN] [epicfight/]: [EpicFightMod] Can't find the joint Arm_R_IK in the animation file, BasicMultipleAttackAnimation wom:animmodels/animations/biped/combat/moonless_bypass
[065月2025 17:46:12.236] [Render thread/WARN] [epicfight/]: [EpicFightMod] Can't find the joint Arm_L_IK in the animation file, BasicMultipleAttackAnimation wom:animmodels/animations/biped/combat/moonless_bypass
[065月2025 17:46:12.236] [Render thread/WARN] [epicfight/]: [EpicFightMod] Can't find the joint Leg_R_IK in the animation file, BasicMultipleAttackAnimation wom:animmodels/animations/biped/combat/moonless_bypass
[065月2025 17:46:12.236] [Render thread/WARN] [epicfight/]: [EpicFightMod] Can't find the joint Leg_L_IK in the animation file, BasicMultipleAttackAnimation wom:animmodels/animations/biped/combat/moonless_bypass
[065月2025 17:46:12.238] [Render thread/WARN] [epicfight/]: [EpicFightMod] Can't find the joint Arm_R_IK in the animation file, BasicMultipleAttackAnimation wom:animmodels/animations/biped/combat/moonless_auto_1
[065月2025 17:46:12.238] [Render thread/WARN] [epicfight/]: [EpicFightMod] Can't find the joint Arm_L_IK in the animation file, BasicMultipleAttackAnimation wom:animmodels/animations/biped/combat/moonless_auto_1
[065月2025 17:46:12.238] [Render thread/WARN] [epicfight/]: [EpicFightMod] Can't find the joint Leg_R_IK in the animation file, BasicMultipleAttackAnimation wom:animmodels/animations/biped/combat/moonless_auto_1
[065月2025 17:46:12.238] [Render thread/WARN] [epicfight/]: [EpicFightMod] Can't find the joint Leg_L_IK in the animation file, BasicMultipleAttackAnimation wom:animmodels/animations/biped/combat/moonless_auto_1
[065月2025 17:46:12.240] [Render thread/WARN] [epicfight/]: [EpicFightMod] Can't find the joint Arm_R_IK in the animation file, BasicMultipleAttackAnimation wom:animmodels/animations/biped/combat/moonless_auto_2
[065月2025 17:46:12.241] [Render thread/WARN] [epicfight/]: [EpicFightMod] Can't find the joint Arm_L_IK in the animation file, BasicMultipleAttackAnimation wom:animmodels/animations/biped/combat/moonless_auto_2
[065月2025 17:46:12.241] [Render thread/WARN] [epicfight/]: [EpicFightMod] Can't find the joint Leg_R_IK in the animation file, BasicMultipleAttackAnimation wom:animmodels/animations/biped/combat/moonless_auto_2
[065月2025 17:46:12.241] [Render thread/WARN] [epicfight/]: [EpicFightMod] Can't find the joint Leg_L_IK in the animation file, BasicMultipleAttackAnimation wom:animmodels/animations/biped/combat/moonless_auto_2
[065月2025 17:46:12.243] [Render thread/WARN] [epicfight/]: [EpicFightMod] Can't find the joint Arm_R_IK in the animation file, BasicMultipleAttackAnimation wom:animmodels/animations/biped/combat/moonless_auto_3
[065月2025 17:46:12.243] [Render thread/WARN] [epicfight/]: [EpicFightMod] Can't find the joint Arm_L_IK in the animation file, BasicMultipleAttackAnimation wom:animmodels/animations/biped/combat/moonless_auto_3
[065月2025 17:46:12.243] [Render thread/WARN] [epicfight/]: [EpicFightMod] Can't find the joint Leg_R_IK in the animation file, BasicMultipleAttackAnimation wom:animmodels/animations/biped/combat/moonless_auto_3
[065月2025 17:46:12.243] [Render thread/WARN] [epicfight/]: [EpicFightMod] Can't find the joint Leg_L_IK in the animation file, BasicMultipleAttackAnimation wom:animmodels/animations/biped/combat/moonless_auto_3
[065月2025 17:46:12.245] [Render thread/WARN] [epicfight/]: [EpicFightMod] Can't find the joint Arm_R_IK in the animation file, BasicMultipleAttackAnimation wom:animmodels/animations/biped/combat/moonless_auto_1_verso
[065月2025 17:46:12.245] [Render thread/WARN] [epicfight/]: [EpicFightMod] Can't find the joint Arm_L_IK in the animation file, BasicMultipleAttackAnimation wom:animmodels/animations/biped/combat/moonless_auto_1_verso
[065月2025 17:46:12.245] [Render thread/WARN] [epicfight/]: [EpicFightMod] Can't find the joint Leg_R_IK in the animation file, BasicMultipleAttackAnimation wom:animmodels/animations/biped/combat/moonless_auto_1_verso
[065月2025 17:46:12.246] [Render thread/WARN] [epicfight/]: [EpicFightMod] Can't find the joint Leg_L_IK in the animation file, BasicMultipleAttackAnimation wom:animmodels/animations/biped/combat/moonless_auto_1_verso
[065月2025 17:46:12.252] [Render thread/WARN] [epicfight/]: [EpicFightMod] Can't find the joint Arm_R_IK in the animation file, BasicMultipleAttackAnimation wom:animmodels/animations/biped/combat/moonless_auto_2_verso
[065月2025 17:46:12.252] [Render thread/WARN] [epicfight/]: [EpicFightMod] Can't find the joint Arm_L_IK in the animation file, BasicMultipleAttackAnimation wom:animmodels/animations/biped/combat/moonless_auto_2_verso
[065月2025 17:46:12.252] [Render thread/WARN] [epicfight/]: [EpicFightMod] Can't find the joint Leg_R_IK in the animation file, BasicMultipleAttackAnimation wom:animmodels/animations/biped/combat/moonless_auto_2_verso
[065月2025 17:46:12.252] [Render thread/WARN] [epicfight/]: [EpicFightMod] Can't find the joint Leg_L_IK in the animation file, BasicMultipleAttackAnimation wom:animmodels/animations/biped/combat/moonless_auto_2_verso
[065月2025 17:46:12.254] [Render thread/WARN] [epicfight/]: [EpicFightMod] Can't find the joint Arm_R_IK in the animation file, BasicMultipleAttackAnimation wom:animmodels/animations/biped/combat/moonless_auto_3_verso
[065月2025 17:46:12.255] [Render thread/WARN] [epicfight/]: [EpicFightMod] Can't find the joint Arm_L_IK in the animation file, BasicMultipleAttackAnimation wom:animmodels/animations/biped/combat/moonless_auto_3_verso
[065月2025 17:46:12.255] [Render thread/WARN] [epicfight/]: [EpicFightMod] Can't find the joint Leg_R_IK in the animation file, BasicMultipleAttackAnimation wom:animmodels/animations/biped/combat/moonless_auto_3_verso
[065月2025 17:46:12.255] [Render thread/WARN] [epicfight/]: [EpicFightMod] Can't find the joint Leg_L_IK in the animation file, BasicMultipleAttackAnimation wom:animmodels/animations/biped/combat/moonless_auto_3_verso
[065月2025 17:46:12.256] [Render thread/WARN] [epicfight/]: [EpicFightMod] Can't find the joint Arm_R_IK in the animation file, SpecialAttackAnimation wom:animmodels/animations/biped/skill/moonless_lunar_echo
[065月2025 17:46:12.257] [Render thread/WARN] [epicfight/]: [EpicFightMod] Can't find the joint Arm_L_IK in the animation file, SpecialAttackAnimation wom:animmodels/animations/biped/skill/moonless_lunar_echo
[065月2025 17:46:12.257] [Render thread/WARN] [epicfight/]: [EpicFightMod] Can't find the joint Leg_R_IK in the animation file, SpecialAttackAnimation wom:animmodels/animations/biped/skill/moonless_lunar_echo
[065月2025 17:46:12.257] [Render thread/WARN] [epicfight/]: [EpicFightMod] Can't find the joint Leg_L_IK in the animation file, SpecialAttackAnimation wom:animmodels/animations/biped/skill/moonless_lunar_echo
[065月2025 17:46:12.259] [Render thread/WARN] [epicfight/]: [EpicFightMod] Can't find the joint Arm_R_IK in the animation file, SpecialAttackAnimation wom:animmodels/animations/biped/skill/moonless_lunar_eclipse
[065月2025 17:46:12.259] [Render thread/WARN] [epicfight/]: [EpicFightMod] Can't find the joint Arm_L_IK in the animation file, SpecialAttackAnimation wom:animmodels/animations/biped/skill/moonless_lunar_eclipse
[065月2025 17:46:12.259] [Render thread/WARN] [epicfight/]: [EpicFightMod] Can't find the joint Leg_R_IK in the animation file, SpecialAttackAnimation wom:animmodels/animations/biped/skill/moonless_lunar_eclipse
[065月2025 17:46:12.259] [Render thread/WARN] [epicfight/]: [EpicFightMod] Can't find the joint Leg_L_IK in the animation file, SpecialAttackAnimation wom:animmodels/animations/biped/skill/moonless_lunar_eclipse
[065月2025 17:46:12.261] [Render thread/WARN] [epicfight/]: [EpicFightMod] Can't find the joint Arm_R_IK in the animation file, BasicMultipleAttackAnimation wom:animmodels/animations/biped/combat/moonless_crescent
[065月2025 17:46:12.261] [Render thread/WARN] [epicfight/]: [EpicFightMod] Can't find the joint Arm_L_IK in the animation file, BasicMultipleAttackAnimation wom:animmodels/animations/biped/combat/moonless_crescent
[065月2025 17:46:12.261] [Render thread/WARN] [epicfight/]: [EpicFightMod] Can't find the joint Leg_R_IK in the animation file, BasicMultipleAttackAnimation wom:animmodels/animations/biped/combat/moonless_crescent
[065月2025 17:46:12.261] [Render thread/WARN] [epicfight/]: [EpicFightMod] Can't find the joint Leg_L_IK in the animation file, BasicMultipleAttackAnimation wom:animmodels/animations/biped/combat/moonless_crescent
[065月2025 17:46:12.263] [Render thread/WARN] [epicfight/]: [EpicFightMod] Can't find the joint Arm_R_IK in the animation file, BasicMultipleAttackAnimation wom:animmodels/animations/biped/combat/moonless_fullmoon
[065月2025 17:46:12.263] [Render thread/WARN] [epicfight/]: [EpicFightMod] Can't find the joint Arm_L_IK in the animation file, BasicMultipleAttackAnimation wom:animmodels/animations/biped/combat/moonless_fullmoon
[065月2025 17:46:12.263] [Render thread/WARN] [epicfight/]: [EpicFightMod] Can't find the joint Leg_R_IK in the animation file, BasicMultipleAttackAnimation wom:animmodels/animations/biped/combat/moonless_fullmoon
[065月2025 17:46:12.263] [Render thread/WARN] [epicfight/]: [EpicFightMod] Can't find the joint Leg_L_IK in the animation file, BasicMultipleAttackAnimation wom:animmodels/animations/biped/combat/moonless_fullmoon
[065月2025 17:46:12.264] [Render thread/WARN] [epicfight/]: [EpicFightMod] Can't find the joint Arm_R_IK in the animation file, StaticAnimation wom:animmodels/animations/biped/skill/moonless_guard
[065月2025 17:46:12.265] [Render thread/WARN] [epicfight/]: [EpicFightMod] Can't find the joint Arm_L_IK in the animation file, StaticAnimation wom:animmodels/animations/biped/skill/moonless_guard
[065月2025 17:46:12.265] [Render thread/WARN] [epicfight/]: [EpicFightMod] Can't find the joint Leg_R_IK in the animation file, StaticAnimation wom:animmodels/animations/biped/skill/moonless_guard
[065月2025 17:46:12.265] [Render thread/WARN] [epicfight/]: [EpicFightMod] Can't find the joint Leg_L_IK in the animation file, StaticAnimation wom:animmodels/animations/biped/skill/moonless_guard
[065月2025 17:46:12.266] [Render thread/WARN] [epicfight/]: [EpicFightMod] Can't find the joint Arm_R_IK in the animation file, GuardAnimation wom:animmodels/animations/biped/skill/moonless_guard_hit_1
[065月2025 17:46:12.266] [Render thread/WARN] [epicfight/]: [EpicFightMod] Can't find the joint Arm_L_IK in the animation file, GuardAnimation wom:animmodels/animations/biped/skill/moonless_guard_hit_1
[065月2025 17:46:12.266] [Render thread/WARN] [epicfight/]: [EpicFightMod] Can't find the joint Leg_R_IK in the animation file, GuardAnimation wom:animmodels/animations/biped/skill/moonless_guard_hit_1
[065月2025 17:46:12.266] [Render thread/WARN] [epicfight/]: [EpicFightMod] Can't find the joint Leg_L_IK in the animation file, GuardAnimation wom:animmodels/animations/biped/skill/moonless_guard_hit_1
[065月2025 17:46:12.268] [Render thread/WARN] [epicfight/]: [EpicFightMod] Can't find the joint Arm_R_IK in the animation file, GuardAnimation wom:animmodels/animations/biped/skill/moonless_guard_hit_2
[065月2025 17:46:12.268] [Render thread/WARN] [epicfight/]: [EpicFightMod] Can't find the joint Arm_L_IK in the animation file, GuardAnimation wom:animmodels/animations/biped/skill/moonless_guard_hit_2
[065月2025 17:46:12.268] [Render thread/WARN] [epicfight/]: [EpicFightMod] Can't find the joint Leg_R_IK in the animation file, GuardAnimation wom:animmodels/animations/biped/skill/moonless_guard_hit_2
[065月2025 17:46:12.268] [Render thread/WARN] [epicfight/]: [EpicFightMod] Can't find the joint Leg_L_IK in the animation file, GuardAnimation wom:animmodels/animations/biped/skill/moonless_guard_hit_2
[065月2025 17:46:12.269] [Render thread/WARN] [epicfight/]: [EpicFightMod] Can't find the joint Arm_R_IK in the animation file, GuardAnimation wom:animmodels/animations/biped/skill/moonless_guard_hit_3
[065月2025 17:46:12.269] [Render thread/WARN] [epicfight/]: [EpicFightMod] Can't find the joint Arm_L_IK in the animation file, GuardAnimation wom:animmodels/animations/biped/skill/moonless_guard_hit_3
[065月2025 17:46:12.269] [Render thread/WARN] [epicfight/]: [EpicFightMod] Can't find the joint Leg_R_IK in the animation file, GuardAnimation wom:animmodels/animations/biped/skill/moonless_guard_hit_3
[065月2025 17:46:12.269] [Render thread/WARN] [epicfight/]: [EpicFightMod] Can't find the joint Leg_L_IK in the animation file, GuardAnimation wom:animmodels/animations/biped/skill/moonless_guard_hit_3
[065月2025 17:46:12.271] [Render thread/WARN] [epicfight/]: [EpicFightMod] Can't find the joint Arm_R_IK in the animation file, BasicMultipleAttackAnimation wom:animmodels/animations/biped/combat/moonless_rewinder
[065月2025 17:46:12.271] [Render thread/WARN] [epicfight/]: [EpicFightMod] Can't find the joint Arm_L_IK in the animation file, BasicMultipleAttackAnimation wom:animmodels/animations/biped/combat/moonless_rewinder
[065月2025 17:46:12.271] [Render thread/WARN] [epicfight/]: [EpicFightMod] Can't find the joint Leg_R_IK in the animation file, BasicMultipleAttackAnimation wom:animmodels/animations/biped/combat/moonless_rewinder
[065月2025 17:46:12.271] [Render thread/WARN] [epicfight/]: [EpicFightMod] Can't find the joint Leg_L_IK in the animation file, BasicMultipleAttackAnimation wom:animmodels/animations/biped/combat/moonless_rewinder
[065月2025 17:46:12.272] [Render thread/WARN] [epicfight/]: [EpicFightMod] Can't find the joint Arm_R_IK in the animation file, StaticAnimation wom:animmodels/animations/biped/living/solar_idle
[065月2025 17:46:12.272] [Render thread/WARN] [epicfight/]: [EpicFightMod] Can't find the joint Arm_L_IK in the animation file, StaticAnimation wom:animmodels/animations/biped/living/solar_idle
[065月2025 17:46:12.272] [Render thread/WARN] [epicfight/]: [EpicFightMod] Can't find the joint Leg_R_IK in the animation file, StaticAnimation wom:animmodels/animations/biped/living/solar_idle
[065月2025 17:46:12.272] [Render thread/WARN] [epicfight/]: [EpicFightMod] Can't find the joint Leg_L_IK in the animation file, StaticAnimation wom:animmodels/animations/biped/living/solar_idle
[065月2025 17:46:12.274] [Render thread/WARN] [epicfight/]: [EpicFightMod] Can't find the joint Arm_R_IK in the animation file, MovementAnimation wom:animmodels/animations/biped/living/solar_walk
[065月2025 17:46:12.274] [Render thread/WARN] [epicfight/]: [EpicFightMod] Can't find the joint Arm_L_IK in the animation file, MovementAnimation wom:animmodels/animations/biped/living/solar_walk
[065月2025 17:46:12.274] [Render thread/WARN] [epicfight/]: [EpicFightMod] Can't find the joint Leg_R_IK in the animation file, MovementAnimation wom:animmodels/animations/biped/living/solar_walk
[065月2025 17:46:12.274] [Render thread/WARN] [epicfight/]: [EpicFightMod] Can't find the joint Leg_L_IK in the animation file, MovementAnimation wom:animmodels/animations/biped/living/solar_walk
[065月2025 17:46:12.277] [Render thread/WARN] [epicfight/]: [EpicFightMod] Can't find the joint Arm_R_IK in the animation file, BasicMultipleAttackAnimation wom:animmodels/animations/biped/combat/solar_auto_1
[065月2025 17:46:12.277] [Render thread/WARN] [epicfight/]: [EpicFightMod] Can't find the joint Arm_L_IK in the animation file, BasicMultipleAttackAnimation wom:animmodels/animations/biped/combat/solar_auto_1
[065月2025 17:46:12.277] [Render thread/WARN] [epicfight/]: [EpicFightMod] Can't find the joint Leg_R_IK in the animation file, BasicMultipleAttackAnimation wom:animmodels/animations/biped/combat/solar_auto_1
[065月2025 17:46:12.277] [Render thread/WARN] [epicfight/]: [EpicFightMod] Can't find the joint Leg_L_IK in the animation file, BasicMultipleAttackAnimation wom:animmodels/animations/biped/combat/solar_auto_1
[065月2025 17:46:12.279] [Render thread/WARN] [epicfight/]: [EpicFightMod] Can't find the joint Arm_R_IK in the animation file, BasicMultipleAttackAnimation wom:animmodels/animations/biped/combat/solar_auto_2
[065月2025 17:46:12.279] [Render thread/WARN] [epicfight/]: [EpicFightMod] Can't find the joint Arm_L_IK in the animation file, BasicMultipleAttackAnimation wom:animmodels/animations/biped/combat/solar_auto_2
[065月2025 17:46:12.279] [Render thread/WARN] [epicfight/]: [EpicFightMod] Can't find the joint Leg_R_IK in the animation file, BasicMultipleAttackAnimation wom:animmodels/animations/biped/combat/solar_auto_2
[065月2025 17:46:12.279] [Render thread/WARN] [epicfight/]: [EpicFightMod] Can't find the joint Leg_L_IK in the animation file, BasicMultipleAttackAnimation wom:animmodels/animations/biped/combat/solar_auto_2
[065月2025 17:46:12.280] [Render thread/WARN] [epicfight/]: [EpicFightMod] Can't find the joint Arm_R_IK in the animation file, BasicMultipleAttackAnimation wom:animmodels/animations/biped/combat/solar_auto_3
[065月2025 17:46:12.280] [Render thread/WARN] [epicfight/]: [EpicFightMod] Can't find the joint Arm_L_IK in the animation file, BasicMultipleAttackAnimation wom:animmodels/animations/biped/combat/solar_auto_3
[065月2025 17:46:12.280] [Render thread/WARN] [epicfight/]: [EpicFightMod] Can't find the joint Leg_R_IK in the animation file, BasicMultipleAttackAnimation wom:animmodels/animations/biped/combat/solar_auto_3
[065月2025 17:46:12.280] [Render thread/WARN] [epicfight/]: [EpicFightMod] Can't find the joint Leg_L_IK in the animation file, BasicMultipleAttackAnimation wom:animmodels/animations/biped/combat/solar_auto_3
[065月2025 17:46:12.282] [Render thread/WARN] [epicfight/]: [EpicFightMod] Can't find the joint Arm_R_IK in the animation file, BasicMultipleAttackAnimation wom:animmodels/animations/biped/combat/solar_auto_4
[065月2025 17:46:12.282] [Render thread/WARN] [epicfight/]: [EpicFightMod] Can't find the joint Arm_L_IK in the animation file, BasicMultipleAttackAnimation wom:animmodels/animations/biped/combat/solar_auto_4
[065月2025 17:46:12.282] [Render thread/WARN] [epicfight/]: [EpicFightMod] Can't find the joint Leg_R_IK in the animation file, BasicMultipleAttackAnimation wom:animmodels/animations/biped/combat/solar_auto_4
[065月2025 17:46:12.282] [Render thread/WARN] [epicfight/]: [EpicFightMod] Can't find the joint Leg_L_IK in the animation file, BasicMultipleAttackAnimation wom:animmodels/animations/biped/combat/solar_auto_4
[065月2025 17:46:12.283] [Render thread/WARN] [epicfight/]: [EpicFightMod] Can't find the joint Arm_R_IK in the animation file, BasicAttackNoAntiStunAnimation wom:animmodels/animations/biped/skill/solar_auto_1_polvora
[065月2025 17:46:12.283] [Render thread/WARN] [epicfight/]: [EpicFightMod] Can't find the joint Arm_L_IK in the animation file, BasicAttackNoAntiStunAnimation wom:animmodels/animations/biped/skill/solar_auto_1_polvora
[065月2025 17:46:12.283] [Render thread/WARN] [epicfight/]: [EpicFightMod] Can't find the joint Leg_R_IK in the animation file, BasicAttackNoAntiStunAnimation wom:animmodels/animations/biped/skill/solar_auto_1_polvora
[065月2025 17:46:12.283] [Render thread/WARN] [epicfight/]: [EpicFightMod] Can't find the joint Leg_L_IK in the animation file, BasicAttackNoAntiStunAnimation wom:animmodels/animations/biped/skill/solar_auto_1_polvora
[065月2025 17:46:12.285] [Render thread/WARN] [epicfight/]: [EpicFightMod] Can't find the joint Arm_R_IK in the animation file, BasicAttackNoAntiStunAnimation wom:animmodels/animations/biped/skill/solar_auto_2_polvora
[065月2025 17:46:12.285] [Render thread/WARN] [epicfight/]: [EpicFightMod] Can't find the joint Arm_L_IK in the animation file, BasicAttackNoAntiStunAnimation wom:animmodels/animations/biped/skill/solar_auto_2_polvora
[065月2025 17:46:12.285] [Render thread/WARN] [epicfight/]: [EpicFightMod] Can't find the joint Leg_R_IK in the animation file, BasicAttackNoAntiStunAnimation wom:animmodels/animations/biped/skill/solar_auto_2_polvora
[065月2025 17:46:12.285] [Render thread/WARN] [epicfight/]: [EpicFightMod] Can't find the joint Leg_L_IK in the animation file, BasicAttackNoAntiStunAnimation wom:animmodels/animations/biped/skill/solar_auto_2_polvora
[065月2025 17:46:12.286] [Render thread/WARN] [epicfight/]: [EpicFightMod] Can't find the joint Arm_R_IK in the animation file, BasicAttackNoAntiStunAnimation wom:animmodels/animations/biped/skill/solar_auto_3_polvora
[065月2025 17:46:12.286] [Render thread/WARN] [epicfight/]: [EpicFightMod] Can't find the joint Arm_L_IK in the animation file, BasicAttackNoAntiStunAnimation wom:animmodels/animations/biped/skill/solar_auto_3_polvora
[065月2025 17:46:12.286] [Render thread/WARN] [epicfight/]: [EpicFightMod] Can't find the joint Leg_R_IK in the animation file, BasicAttackNoAntiStunAnimation wom:animmodels/animations/biped/skill/solar_auto_3_polvora
[065月2025 17:46:12.286] [Render thread/WARN] [epicfight/]: [EpicFightMod] Can't find the joint Leg_L_IK in the animation file, BasicAttackNoAntiStunAnimation wom:animmodels/animations/biped/skill/solar_auto_3_polvora
[065月2025 17:46:12.287] [Render thread/WARN] [epicfight/]: [EpicFightMod] Can't find the joint Arm_R_IK in the animation file, BasicAttackNoAntiStunAnimation wom:animmodels/animations/biped/skill/solar_auto_4_polvora
[065月2025 17:46:12.287] [Render thread/WARN] [epicfight/]: [EpicFightMod] Can't find the joint Arm_L_IK in the animation file, BasicAttackNoAntiStunAnimation wom:animmodels/animations/biped/skill/solar_auto_4_polvora
[065月2025 17:46:12.287] [Render thread/WARN] [epicfight/]: [EpicFightMod] Can't find the joint Leg_R_IK in the animation file, BasicAttackNoAntiStunAnimation wom:animmodels/animations/biped/skill/solar_auto_4_polvora
[065月2025 17:46:12.287] [Render thread/WARN] [epicfight/]: [EpicFightMod] Can't find the joint Leg_L_IK in the animation file, BasicAttackNoAntiStunAnimation wom:animmodels/animations/biped/skill/solar_auto_4_polvora
[065月2025 17:46:12.289] [Render thread/WARN] [epicfight/]: [EpicFightMod] Can't find the joint Arm_R_IK in the animation file, BasicMultipleAttackAnimation wom:animmodels/animations/biped/combat/solar_quemadura
[065月2025 17:46:12.289] [Render thread/WARN] [epicfight/]: [EpicFightMod] Can't find the joint Arm_L_IK in the animation file, BasicMultipleAttackAnimation wom:animmodels/animations/biped/combat/solar_quemadura
[065月2025 17:46:12.289] [Render thread/WARN] [epicfight/]: [EpicFightMod] Can't find the joint Leg_R_IK in the animation file, BasicMultipleAttackAnimation wom:animmodels/animations/biped/combat/solar_quemadura
[065月2025 17:46:12.289] [Render thread/WARN] [epicfight/]: [EpicFightMod] Can't find the joint Leg_L_IK in the animation file, BasicMultipleAttackAnimation wom:animmodels/animations/biped/combat/solar_quemadura
[065月2025 17:46:12.290] [Render thread/WARN] [epicfight/]: [EpicFightMod] Can't find the joint Arm_R_IK in the animation file, BasicMultipleAttackAnimation wom:animmodels/animations/biped/combat/solar_horno
[065月2025 17:46:12.290] [Render thread/WARN] [epicfight/]: [EpicFightMod] Can't find the joint Arm_L_IK in the animation file, BasicMultipleAttackAnimation wom:animmodels/animations/biped/combat/solar_horno
[065月2025 17:46:12.290] [Render thread/WARN] [epicfight/]: [EpicFightMod] Can't find the joint Leg_R_IK in the animation file, BasicMultipleAttackAnimation wom:animmodels/animations/biped/combat/solar_horno
[065月2025 17:46:12.290] [Render thread/WARN] [epicfight/]: [EpicFightMod] Can't find the joint Leg_L_IK in the animation file, BasicMultipleAttackAnimation wom:animmodels/animations/biped/combat/solar_horno
[065月2025 17:46:12.420] [Render thread/WARN] [epicfight/]: [EpicFightMod] Can't find the joint Arm_R_IK in the animation file, MovementAnimation star:animmodels/animations/biped/new/greatsword/walk_greatsword
[065月2025 17:46:12.420] [Render thread/WARN] [epicfight/]: [EpicFightMod] Can't find the joint Arm_L_IK in the animation file, MovementAnimation star:animmodels/animations/biped/new/greatsword/walk_greatsword
[065月2025 17:46:12.420] [Render thread/WARN] [epicfight/]: [EpicFightMod] Can't find the joint Leg_R_IK in the animation file, MovementAnimation star:animmodels/animations/biped/new/greatsword/walk_greatsword
[065月2025 17:46:12.420] [Render thread/WARN] [epicfight/]: [EpicFightMod] Can't find the joint Leg_L_IK in the animation file, MovementAnimation star:animmodels/animations/biped/new/greatsword/walk_greatsword
[065月2025 17:46:12.744] [Render thread/WARN] [epicfight/]: [EpicFightMod] Can't find the joint Hand_R.KINEMATICS in the animation file, BasicAttackAnimationEx guhao:animmodels/animations/biped/deng_long
[065月2025 17:46:12.744] [Render thread/WARN] [epicfight/]: [EpicFightMod] Can't find the joint Hand_L.KINEMATICS in the animation file, BasicAttackAnimationEx guhao:animmodels/animations/biped/deng_long
[065月2025 17:46:12.744] [Render thread/WARN] [epicfight/]: [EpicFightMod] Can't find the joint Elbow_R.KINEMATICS in the animation file, BasicAttackAnimationEx guhao:animmodels/animations/biped/deng_long
[065月2025 17:46:12.744] [Render thread/WARN] [epicfight/]: [EpicFightMod] Can't find the joint Elbow_L.KINEMATICS in the animation file, BasicAttackAnimationEx guhao:animmodels/animations/biped/deng_long
[065月2025 17:46:13.009] [Render thread/WARN] [epicfight/]: [EpicFightMod] Can't find the joint Leg_R_IK in the animation file, CustomGuardAnimation indestructible:animmodels/animations/guard/guard_herrscher
[065月2025 17:46:13.009] [Render thread/WARN] [epicfight/]: [EpicFightMod] Can't find the joint Leg_L_IK in the animation file, CustomGuardAnimation indestructible:animmodels/animations/guard/guard_herrscher
[065月2025 17:46:13.010] [Render thread/WARN] [epicfight/]: [Item Skins] Item named stellarisdlc:groundcrackhammer does not exist
[065月2025 17:46:13.010] [Render thread/WARN] [epicfight/]: [Item Skins] Item named magistuarmory:tin_lochaberaxe does not exist
[065月2025 17:46:13.010] [Render thread/WARN] [epicfight/]: [Item Skins] Item named wom:solar does not exist
[065月2025 17:46:13.010] [Render thread/WARN] [epicfight/]: [Item Skins] Item named stellarisdlc:hunterdagger does not exist
[065月2025 17:46:13.010] [Render thread/WARN] [epicfight/]: [Item Skins] Item named magistuarmory:stone_lochaberaxe does not exist
[065月2025 17:46:13.011] [Render thread/WARN] [epicfight/]: [Item Skins] Item named stellarisdlc:yamato does not exist
[065月2025 17:46:13.011] [Render thread/WARN] [epicfight/]: [Item Skins] Item named stellarisdlc:xiuchundaogolden does not exist
[065月2025 17:46:13.011] [Render thread/WARN] [epicfight/]: [Item Skins] Item named stellarisdlc:fearabyss does not exist
[065月2025 17:46:13.011] [Render thread/WARN] [epicfight/]: [Item Skins] Item named stellarisdlc:xiuchundao does not exist
[065月2025 17:46:13.011] [Render thread/WARN] [epicfight/]: [Item Skins] Item named stellarisdlc:trueincinerator does not exist
[065月2025 17:46:13.011] [Render thread/WARN] [epicfight/]: [Item Skins] Item named stellarisdlc:saber does not exist
[065月2025 17:46:13.011] [Render thread/WARN] [epicfight/]: [Item Skins] Item named stellarisdlc:diedsword does not exist
[065月2025 17:46:13.011] [Render thread/WARN] [epicfight/]: [Item Skins] Item named stellarisdlc:flayer does not exist
[065月2025 17:46:13.011] [Render thread/WARN] [epicfight/]: [Item Skins] Item named dungeons_gear:glaive does not exist
[065月2025 17:46:13.011] [Render thread/WARN] [epicfight/]: [Item Skins] Item named stellarisdlc:ghostsword does not exist
[065月2025 17:46:13.011] [Render thread/WARN] [epicfight/]: [Item Skins] Item named stellarisdlc:soulsickle does not exist
[065月2025 17:46:13.011] [Render thread/WARN] [epicfight/]: [Item Skins] Item named stellarisdlc:helleyes does not exist
[065月2025 17:46:13.011] [Render thread/WARN] [epicfight/]: [Item Skins] Item named dungeons_gear:grave_bane does not exist
[065月2025 17:46:13.011] [Render thread/WARN] [epicfight/]: [Item Skins] Item named stellarisdlc:bailu does not exist
[065月2025 17:46:13.011] [Render thread/WARN] [epicfight/]: [Item Skins] Item named magistuarmory:netherite_lochaberaxe does not exist
[065月2025 17:46:13.011] [Render thread/WARN] [epicfight/]: [Item Skins] Item named stellarisdlc:symmetryspear does not exist
[065月2025 17:46:13.011] [Render thread/WARN] [epicfight/]: [Item Skins] Item named stellarisdlc:lionsword does not exist
[065月2025 17:46:13.011] [Render thread/WARN] [epicfight/]: [Item Skins] Item named stellaris_addition:gunblade does not exist
[065月2025 17:46:13.011] [Render thread/WARN] [epicfight/]: [Item Skins] Item named stellarisdlc:balmung does not exist
[065月2025 17:46:13.011] [Render thread/WARN] [epicfight/]: [Item Skins] Item named stellarisdlc:mononchasm does not exist
[065月2025 17:46:13.011] [Render thread/WARN] [epicfight/]: [Item Skins] Item named stellarisdlc:phoenixspear does not exist
[065月2025 17:46:13.011] [Render thread/WARN] [epicfight/]: [Item Skins] Item named stellarisdlc:ruoshui does not exist
[065月2025 17:46:13.011] [Render thread/WARN] [epicfight/]: [Item Skins] Item named stellarisdlc:dragonfalchion does not exist
[065月2025 17:46:13.011] [Render thread/WARN] [epicfight/]: [Item Skins] Item named stellarisdlc:withereye does not exist
[065月2025 17:46:13.011] [Render thread/WARN] [epicfight/]: [Item Skins] Item named stellarisdlc:steelkatana does not exist
[065月2025 17:46:13.011] [Render thread/WARN] [epicfight/]: [Item Skins] Item named magistuarmory:wood_lochaberaxe does not exist
[065月2025 17:46:13.011] [Render thread/WARN] [epicfight/]: [Item Skins] Item named magistuarmory:gold_lochaberaxe does not exist
[065月2025 17:46:13.011] [Render thread/WARN] [epicfight/]: [Item Skins] Item named stellarisdlc:dieddagger does not exist
[065月2025 17:46:13.011] [Render thread/WARN] [epicfight/]: [Item Skins] Item named magistuarmory:iron_lochaberaxe does not exist
[065月2025 17:46:13.011] [Render thread/WARN] [epicfight/]: [Item Skins] Item named guhao:guhao1 does not exist
[065月2025 17:46:13.011] [Render thread/WARN] [epicfight/]: [Item Skins] Item named stellarisdlc:concealedge does not exist
[065月2025 17:46:13.011] [Render thread/WARN] [epicfight/]: [Item Skins] Item named stellarisdlc:arachnophobia does not exist
[065月2025 17:46:13.011] [Render thread/WARN] [epicfight/]: [Item Skins] Item named magistuarmory:silver_lochaberaxe does not exist
[065月2025 17:46:13.011] [Render thread/WARN] [epicfight/]: [Item Skins] Item named stellarisdlc:oldworld does not exist
[065月2025 17:46:13.011] [Render thread/WARN] [epicfight/]: [Item Skins] Item named magistuarmory:diamond_lochaberaxe does not exist
[065月2025 17:46:13.011] [Render thread/WARN] [epicfight/]: [Item Skins] Item named dungeons_gear:venom_glaive does not exist
[065月2025 17:46:13.011] [Render thread/WARN] [epicfight/]: [Item Skins] Item named magistuarmory:copper_lochaberaxe does not exist
[065月2025 17:46:13.011] [Render thread/WARN] [epicfight/]: [Item Skins] Item named stellarisdlc:excalibur does not exist
[065月2025 17:46:13.011] [Render thread/WARN] [epicfight/]: [Item Skins] Item named magistuarmory:bronze_lochaberaxe does not exist
[065月2025 17:46:13.011] [Render thread/WARN] [epicfight/]: [Item Skins] Item named stellarisdlc:whitewolf does not exist
[065月2025 17:46:13.011] [Render thread/WARN] [epicfight/]: [Item Skins] Item named stellarisdlc:loyalheart does not exist
[065月2025 17:46:13.011] [Render thread/WARN] [epicfight/]: [Item Skins] Item named stellarisdlc:sickle does not exist
[065月2025 17:46:13.011] [Render thread/WARN] [epicfight/]: [Item Skins] Item named stellarisdlc:originalincinerator does not exist
[065月2025 17:46:13.011] [Render thread/WARN] [epicfight/]: [Item Skins] Item named magistuarmory:steel_lochaberaxe does not exist
[065月2025 17:46:13.012] [Render thread/WARN] [epicfight/]: [Item Skins] Item named epicacg:anneal_blade does not exist
[065月2025 17:46:13.012] [Render thread/WARN] [epicfight/]: [Item Skins] Item named stellarisdlc:dragonspear does not exist
[065月2025 17:46:13.012] [Render thread/WARN] [epicfight/]: [Item Skins] Item named stellarisdlc:alloytachi does not exist
[065月2025 17:46:13.012] [Render thread/WARN] [epicfight/]: [Item Skins] Item named stellarisdlc:rotgreatsword does not exist
[065月2025 17:46:13.012] [Render thread/WARN] [epicfight/]: [Item Skins] Item named stellarisdlc:miaodao does not exist
[065月2025 17:46:13.012] [Render thread/WARN] [epicfight/]: [Item Skins] Item named stellarisdlc:bb does not exist
[065月2025 17:46:13.478] [Realms Notification Availability checker #1/INFO] [com.mojang.realmsclient.client.RealmsClient/]: Could not authorize you against Realms server: Invalid session id
[065月2025 17:46:19.089] [Render thread/INFO] [net.minecraft.world.level.storage.LevelStorageSource/]: Deleting level 新的世界111
[065月2025 17:46:19.089] [Render thread/INFO] [net.minecraft.world.level.storage.LevelStorageSource/]: Attempt 1...
[065月2025 17:46:20.697] [Render thread/INFO] [net.minecraft.world.level.storage.LevelStorageSource/]: Deleting level 新的世界1
[065月2025 17:46:20.697] [Render thread/INFO] [net.minecraft.world.level.storage.LevelStorageSource/]: Attempt 1...
[065月2025 17:46:21.903] [Render thread/INFO] [net.minecraft.world.level.storage.LevelStorageSource/]: Deleting level 新的世界 (1)
[065月2025 17:46:21.903] [Render thread/INFO] [net.minecraft.world.level.storage.LevelStorageSource/]: Attempt 1...
[065月2025 17:46:48.269] [Render thread/WARN] [net.minecraft.commands.Commands/]: Ambiguity between arguments [teleport, location] and [teleport, destination] with inputs: [0.1 -0.5 .9, 0 0 0]
[065月2025 17:46:48.270] [Render thread/WARN] [net.minecraft.commands.Commands/]: Ambiguity between arguments [teleport, location] and [teleport, targets] with inputs: [0.1 -0.5 .9, 0 0 0]
[065月2025 17:46:48.272] [Render thread/WARN] [net.minecraft.commands.Commands/]: Ambiguity between arguments [teleport, destination] and [teleport, targets] with inputs: [Player, 0123, @e, dd12be42-52a9-4a91-a8a1-11c01849e498]
[065月2025 17:46:48.272] [Render thread/WARN] [net.minecraft.commands.Commands/]: Ambiguity between arguments [teleport, targets] and [teleport, destination] with inputs: [Player, 0123, dd12be42-52a9-4a91-a8a1-11c01849e498]
[065月2025 17:46:48.273] [Render thread/WARN] [net.minecraft.commands.Commands/]: Ambiguity between arguments [teleport, targets, location] and [teleport, targets, destination] with inputs: [0.1 -0.5 .9, 0 0 0]
[065月2025 17:46:49.338] [Worker-Main-24/ERROR] [net.minecraft.server.packs.resources.SimpleJsonResourceReloadListener/]: Couldn't parse data file star:blade_rush_finisher from star:skill_parameters/blade_rush_finisher.json
com.google.gson.JsonParseException: java.io.EOFException: End of input at line 1 column 1 path $
	at net.minecraft.util.GsonHelper.fromJson(GsonHelper.java:505) ~[forge-1.18.2-40.2.17_mapped_official_1.18.2.jar%2380!/:?]
	at net.minecraft.util.GsonHelper.fromJson(GsonHelper.java:542) ~[forge-1.18.2-40.2.17_mapped_official_1.18.2.jar%2380!/:?]
	at net.minecraft.server.packs.resources.SimpleJsonResourceReloadListener.prepare(SimpleJsonResourceReloadListener.java:52) ~[forge-1.18.2-40.2.17_mapped_official_1.18.2.jar%2380!/:?]
	at net.minecraft.server.packs.resources.SimpleJsonResourceReloadListener.prepare(SimpleJsonResourceReloadListener.java:20) ~[forge-1.18.2-40.2.17_mapped_official_1.18.2.jar%2380!/:?]
	at net.minecraft.server.packs.resources.SimplePreparableReloadListener.lambda$reload$0(SimplePreparableReloadListener.java:11) ~[forge-1.18.2-40.2.17_mapped_official_1.18.2.jar%2380!/:?]
	at java.util.concurrent.CompletableFuture$AsyncSupply.run(CompletableFuture.java:1768) [?:?]
	at java.util.concurrent.CompletableFuture$AsyncSupply.exec(CompletableFuture.java:1760) [?:?]
	at java.util.concurrent.ForkJoinTask.doExec(ForkJoinTask.java:373) [?:?]
	at java.util.concurrent.ForkJoinPool$WorkQueue.topLevelExec(ForkJoinPool.java:1182) [?:?]
	at java.util.concurrent.ForkJoinPool.scan(ForkJoinPool.java:1655) [?:?]
	at java.util.concurrent.ForkJoinPool.runWorker(ForkJoinPool.java:1622) [?:?]
	at java.util.concurrent.ForkJoinWorkerThread.run(ForkJoinWorkerThread.java:165) [?:?]
Caused by: java.io.EOFException: End of input at line 1 column 1 path $
	at com.google.gson.stream.JsonReader.nextNonWhitespace(JsonReader.java:1395) ~[gson-2.8.9.jar%2344!/:?]
	at com.google.gson.stream.JsonReader.doPeek(JsonReader.java:548) ~[gson-2.8.9.jar%2344!/:?]
	at com.google.gson.stream.JsonReader.peek(JsonReader.java:424) ~[gson-2.8.9.jar%2344!/:?]
	at com.google.gson.internal.bind.TypeAdapters$27.read(TypeAdapters.java:661) ~[gson-2.8.9.jar%2344!/:?]
	at com.google.gson.internal.bind.TypeAdapters$27.read(TypeAdapters.java:655) ~[gson-2.8.9.jar%2344!/:?]
	at com.google.gson.internal.bind.TypeAdapters$33$1.read(TypeAdapters.java:866) ~[gson-2.8.9.jar%2344!/:?]
	at net.minecraft.util.GsonHelper.fromJson(GsonHelper.java:503) ~[forge-1.18.2-40.2.17_mapped_official_1.18.2.jar%2380!/:?]
	... 11 more
[065月2025 17:46:49.340] [Worker-Main-24/ERROR] [net.minecraft.server.packs.resources.SimpleJsonResourceReloadListener/]: Couldn't parse data file star:dual_slash from star:skill_parameters/dual_slash.json
com.google.gson.JsonParseException: java.io.EOFException: End of input at line 1 column 1 path $
	at net.minecraft.util.GsonHelper.fromJson(GsonHelper.java:505) ~[forge-1.18.2-40.2.17_mapped_official_1.18.2.jar%2380!/:?]
	at net.minecraft.util.GsonHelper.fromJson(GsonHelper.java:542) ~[forge-1.18.2-40.2.17_mapped_official_1.18.2.jar%2380!/:?]
	at net.minecraft.server.packs.resources.SimpleJsonResourceReloadListener.prepare(SimpleJsonResourceReloadListener.java:52) ~[forge-1.18.2-40.2.17_mapped_official_1.18.2.jar%2380!/:?]
	at net.minecraft.server.packs.resources.SimpleJsonResourceReloadListener.prepare(SimpleJsonResourceReloadListener.java:20) ~[forge-1.18.2-40.2.17_mapped_official_1.18.2.jar%2380!/:?]
	at net.minecraft.server.packs.resources.SimplePreparableReloadListener.lambda$reload$0(SimplePreparableReloadListener.java:11) ~[forge-1.18.2-40.2.17_mapped_official_1.18.2.jar%2380!/:?]
	at java.util.concurrent.CompletableFuture$AsyncSupply.run(CompletableFuture.java:1768) [?:?]
	at java.util.concurrent.CompletableFuture$AsyncSupply.exec(CompletableFuture.java:1760) [?:?]
	at java.util.concurrent.ForkJoinTask.doExec(ForkJoinTask.java:373) [?:?]
	at java.util.concurrent.ForkJoinPool$WorkQueue.topLevelExec(ForkJoinPool.java:1182) [?:?]
	at java.util.concurrent.ForkJoinPool.scan(ForkJoinPool.java:1655) [?:?]
	at java.util.concurrent.ForkJoinPool.runWorker(ForkJoinPool.java:1622) [?:?]
	at java.util.concurrent.ForkJoinWorkerThread.run(ForkJoinWorkerThread.java:165) [?:?]
Caused by: java.io.EOFException: End of input at line 1 column 1 path $
	at com.google.gson.stream.JsonReader.nextNonWhitespace(JsonReader.java:1395) ~[gson-2.8.9.jar%2344!/:?]
	at com.google.gson.stream.JsonReader.doPeek(JsonReader.java:548) ~[gson-2.8.9.jar%2344!/:?]
	at com.google.gson.stream.JsonReader.peek(JsonReader.java:424) ~[gson-2.8.9.jar%2344!/:?]
	at com.google.gson.internal.bind.TypeAdapters$27.read(TypeAdapters.java:661) ~[gson-2.8.9.jar%2344!/:?]
	at com.google.gson.internal.bind.TypeAdapters$27.read(TypeAdapters.java:655) ~[gson-2.8.9.jar%2344!/:?]
	at com.google.gson.internal.bind.TypeAdapters$33$1.read(TypeAdapters.java:866) ~[gson-2.8.9.jar%2344!/:?]
	at net.minecraft.util.GsonHelper.fromJson(GsonHelper.java:503) ~[forge-1.18.2-40.2.17_mapped_official_1.18.2.jar%2380!/:?]
	... 11 more
[065月2025 17:46:49.343] [Worker-Main-24/ERROR] [net.minecraft.server.packs.resources.SimpleJsonResourceReloadListener/]: Couldn't parse data file star:slash from star:skill_parameters/slash.json
com.google.gson.JsonParseException: java.io.EOFException: End of input at line 1 column 1 path $
	at net.minecraft.util.GsonHelper.fromJson(GsonHelper.java:505) ~[forge-1.18.2-40.2.17_mapped_official_1.18.2.jar%2380!/:?]
	at net.minecraft.util.GsonHelper.fromJson(GsonHelper.java:542) ~[forge-1.18.2-40.2.17_mapped_official_1.18.2.jar%2380!/:?]
	at net.minecraft.server.packs.resources.SimpleJsonResourceReloadListener.prepare(SimpleJsonResourceReloadListener.java:52) ~[forge-1.18.2-40.2.17_mapped_official_1.18.2.jar%2380!/:?]
	at net.minecraft.server.packs.resources.SimpleJsonResourceReloadListener.prepare(SimpleJsonResourceReloadListener.java:20) ~[forge-1.18.2-40.2.17_mapped_official_1.18.2.jar%2380!/:?]
	at net.minecraft.server.packs.resources.SimplePreparableReloadListener.lambda$reload$0(SimplePreparableReloadListener.java:11) ~[forge-1.18.2-40.2.17_mapped_official_1.18.2.jar%2380!/:?]
	at java.util.concurrent.CompletableFuture$AsyncSupply.run(CompletableFuture.java:1768) [?:?]
	at java.util.concurrent.CompletableFuture$AsyncSupply.exec(CompletableFuture.java:1760) [?:?]
	at java.util.concurrent.ForkJoinTask.doExec(ForkJoinTask.java:373) [?:?]
	at java.util.concurrent.ForkJoinPool$WorkQueue.topLevelExec(ForkJoinPool.java:1182) [?:?]
	at java.util.concurrent.ForkJoinPool.scan(ForkJoinPool.java:1655) [?:?]
	at java.util.concurrent.ForkJoinPool.runWorker(ForkJoinPool.java:1622) [?:?]
	at java.util.concurrent.ForkJoinWorkerThread.run(ForkJoinWorkerThread.java:165) [?:?]
Caused by: java.io.EOFException: End of input at line 1 column 1 path $
	at com.google.gson.stream.JsonReader.nextNonWhitespace(JsonReader.java:1395) ~[gson-2.8.9.jar%2344!/:?]
	at com.google.gson.stream.JsonReader.doPeek(JsonReader.java:548) ~[gson-2.8.9.jar%2344!/:?]
	at com.google.gson.stream.JsonReader.peek(JsonReader.java:424) ~[gson-2.8.9.jar%2344!/:?]
	at com.google.gson.internal.bind.TypeAdapters$27.read(TypeAdapters.java:661) ~[gson-2.8.9.jar%2344!/:?]
	at com.google.gson.internal.bind.TypeAdapters$27.read(TypeAdapters.java:655) ~[gson-2.8.9.jar%2344!/:?]
	at com.google.gson.internal.bind.TypeAdapters$33$1.read(TypeAdapters.java:866) ~[gson-2.8.9.jar%2344!/:?]
	at net.minecraft.util.GsonHelper.fromJson(GsonHelper.java:503) ~[forge-1.18.2-40.2.17_mapped_official_1.18.2.jar%2380!/:?]
	... 11 more
[065月2025 17:46:49.343] [Worker-Main-24/ERROR] [net.minecraft.server.packs.resources.SimpleJsonResourceReloadListener/]: Couldn't parse data file star:spearslash from star:skill_parameters/spearslash.json
com.google.gson.JsonParseException: java.io.EOFException: End of input at line 1 column 1 path $
	at net.minecraft.util.GsonHelper.fromJson(GsonHelper.java:505) ~[forge-1.18.2-40.2.17_mapped_official_1.18.2.jar%2380!/:?]
	at net.minecraft.util.GsonHelper.fromJson(GsonHelper.java:542) ~[forge-1.18.2-40.2.17_mapped_official_1.18.2.jar%2380!/:?]
	at net.minecraft.server.packs.resources.SimpleJsonResourceReloadListener.prepare(SimpleJsonResourceReloadListener.java:52) ~[forge-1.18.2-40.2.17_mapped_official_1.18.2.jar%2380!/:?]
	at net.minecraft.server.packs.resources.SimpleJsonResourceReloadListener.prepare(SimpleJsonResourceReloadListener.java:20) ~[forge-1.18.2-40.2.17_mapped_official_1.18.2.jar%2380!/:?]
	at net.minecraft.server.packs.resources.SimplePreparableReloadListener.lambda$reload$0(SimplePreparableReloadListener.java:11) ~[forge-1.18.2-40.2.17_mapped_official_1.18.2.jar%2380!/:?]
	at java.util.concurrent.CompletableFuture$AsyncSupply.run(CompletableFuture.java:1768) [?:?]
	at java.util.concurrent.CompletableFuture$AsyncSupply.exec(CompletableFuture.java:1760) [?:?]
	at java.util.concurrent.ForkJoinTask.doExec(ForkJoinTask.java:373) [?:?]
	at java.util.concurrent.ForkJoinPool$WorkQueue.topLevelExec(ForkJoinPool.java:1182) [?:?]
	at java.util.concurrent.ForkJoinPool.scan(ForkJoinPool.java:1655) [?:?]
	at java.util.concurrent.ForkJoinPool.runWorker(ForkJoinPool.java:1622) [?:?]
	at java.util.concurrent.ForkJoinWorkerThread.run(ForkJoinWorkerThread.java:165) [?:?]
Caused by: java.io.EOFException: End of input at line 1 column 1 path $
	at com.google.gson.stream.JsonReader.nextNonWhitespace(JsonReader.java:1395) ~[gson-2.8.9.jar%2344!/:?]
	at com.google.gson.stream.JsonReader.doPeek(JsonReader.java:548) ~[gson-2.8.9.jar%2344!/:?]
	at com.google.gson.stream.JsonReader.peek(JsonReader.java:424) ~[gson-2.8.9.jar%2344!/:?]
	at com.google.gson.internal.bind.TypeAdapters$27.read(TypeAdapters.java:661) ~[gson-2.8.9.jar%2344!/:?]
	at com.google.gson.internal.bind.TypeAdapters$27.read(TypeAdapters.java:655) ~[gson-2.8.9.jar%2344!/:?]
	at com.google.gson.internal.bind.TypeAdapters$33$1.read(TypeAdapters.java:866) ~[gson-2.8.9.jar%2344!/:?]
	at net.minecraft.util.GsonHelper.fromJson(GsonHelper.java:503) ~[forge-1.18.2-40.2.17_mapped_official_1.18.2.jar%2380!/:?]
	... 11 more
[065月2025 17:46:49.344] [Worker-Main-24/ERROR] [net.minecraft.server.packs.resources.SimpleJsonResourceReloadListener/]: Couldn't parse data file star:sword_slash from star:skill_parameters/sword_slash.json
com.google.gson.JsonParseException: java.io.EOFException: End of input at line 1 column 1 path $
	at net.minecraft.util.GsonHelper.fromJson(GsonHelper.java:505) ~[forge-1.18.2-40.2.17_mapped_official_1.18.2.jar%2380!/:?]
	at net.minecraft.util.GsonHelper.fromJson(GsonHelper.java:542) ~[forge-1.18.2-40.2.17_mapped_official_1.18.2.jar%2380!/:?]
	at net.minecraft.server.packs.resources.SimpleJsonResourceReloadListener.prepare(SimpleJsonResourceReloadListener.java:52) ~[forge-1.18.2-40.2.17_mapped_official_1.18.2.jar%2380!/:?]
	at net.minecraft.server.packs.resources.SimpleJsonResourceReloadListener.prepare(SimpleJsonResourceReloadListener.java:20) ~[forge-1.18.2-40.2.17_mapped_official_1.18.2.jar%2380!/:?]
	at net.minecraft.server.packs.resources.SimplePreparableReloadListener.lambda$reload$0(SimplePreparableReloadListener.java:11) ~[forge-1.18.2-40.2.17_mapped_official_1.18.2.jar%2380!/:?]
	at java.util.concurrent.CompletableFuture$AsyncSupply.run(CompletableFuture.java:1768) [?:?]
	at java.util.concurrent.CompletableFuture$AsyncSupply.exec(CompletableFuture.java:1760) [?:?]
	at java.util.concurrent.ForkJoinTask.doExec(ForkJoinTask.java:373) [?:?]
	at java.util.concurrent.ForkJoinPool$WorkQueue.topLevelExec(ForkJoinPool.java:1182) [?:?]
	at java.util.concurrent.ForkJoinPool.scan(ForkJoinPool.java:1655) [?:?]
	at java.util.concurrent.ForkJoinPool.runWorker(ForkJoinPool.java:1622) [?:?]
	at java.util.concurrent.ForkJoinWorkerThread.run(ForkJoinWorkerThread.java:165) [?:?]
Caused by: java.io.EOFException: End of input at line 1 column 1 path $
	at com.google.gson.stream.JsonReader.nextNonWhitespace(JsonReader.java:1395) ~[gson-2.8.9.jar%2344!/:?]
	at com.google.gson.stream.JsonReader.doPeek(JsonReader.java:548) ~[gson-2.8.9.jar%2344!/:?]
	at com.google.gson.stream.JsonReader.peek(JsonReader.java:424) ~[gson-2.8.9.jar%2344!/:?]
	at com.google.gson.internal.bind.TypeAdapters$27.read(TypeAdapters.java:661) ~[gson-2.8.9.jar%2344!/:?]
	at com.google.gson.internal.bind.TypeAdapters$27.read(TypeAdapters.java:655) ~[gson-2.8.9.jar%2344!/:?]
	at com.google.gson.internal.bind.TypeAdapters$33$1.read(TypeAdapters.java:866) ~[gson-2.8.9.jar%2344!/:?]
	at net.minecraft.util.GsonHelper.fromJson(GsonHelper.java:503) ~[forge-1.18.2-40.2.17_mapped_official_1.18.2.jar%2380!/:?]
	... 11 more
[065月2025 17:46:49.345] [Worker-Main-24/ERROR] [net.minecraft.server.packs.resources.SimpleJsonResourceReloadListener/]: Couldn't parse data file star:wind_slash from star:skill_parameters/wind_slash.json
com.google.gson.JsonParseException: java.io.EOFException: End of input at line 1 column 1 path $
	at net.minecraft.util.GsonHelper.fromJson(GsonHelper.java:505) ~[forge-1.18.2-40.2.17_mapped_official_1.18.2.jar%2380!/:?]
	at net.minecraft.util.GsonHelper.fromJson(GsonHelper.java:542) ~[forge-1.18.2-40.2.17_mapped_official_1.18.2.jar%2380!/:?]
	at net.minecraft.server.packs.resources.SimpleJsonResourceReloadListener.prepare(SimpleJsonResourceReloadListener.java:52) ~[forge-1.18.2-40.2.17_mapped_official_1.18.2.jar%2380!/:?]
	at net.minecraft.server.packs.resources.SimpleJsonResourceReloadListener.prepare(SimpleJsonResourceReloadListener.java:20) ~[forge-1.18.2-40.2.17_mapped_official_1.18.2.jar%2380!/:?]
	at net.minecraft.server.packs.resources.SimplePreparableReloadListener.lambda$reload$0(SimplePreparableReloadListener.java:11) ~[forge-1.18.2-40.2.17_mapped_official_1.18.2.jar%2380!/:?]
	at java.util.concurrent.CompletableFuture$AsyncSupply.run(CompletableFuture.java:1768) [?:?]
	at java.util.concurrent.CompletableFuture$AsyncSupply.exec(CompletableFuture.java:1760) [?:?]
	at java.util.concurrent.ForkJoinTask.doExec(ForkJoinTask.java:373) [?:?]
	at java.util.concurrent.ForkJoinPool$WorkQueue.topLevelExec(ForkJoinPool.java:1182) [?:?]
	at java.util.concurrent.ForkJoinPool.scan(ForkJoinPool.java:1655) [?:?]
	at java.util.concurrent.ForkJoinPool.runWorker(ForkJoinPool.java:1622) [?:?]
	at java.util.concurrent.ForkJoinWorkerThread.run(ForkJoinWorkerThread.java:165) [?:?]
Caused by: java.io.EOFException: End of input at line 1 column 1 path $
	at com.google.gson.stream.JsonReader.nextNonWhitespace(JsonReader.java:1395) ~[gson-2.8.9.jar%2344!/:?]
	at com.google.gson.stream.JsonReader.doPeek(JsonReader.java:548) ~[gson-2.8.9.jar%2344!/:?]
	at com.google.gson.stream.JsonReader.peek(JsonReader.java:424) ~[gson-2.8.9.jar%2344!/:?]
	at com.google.gson.internal.bind.TypeAdapters$27.read(TypeAdapters.java:661) ~[gson-2.8.9.jar%2344!/:?]
	at com.google.gson.internal.bind.TypeAdapters$27.read(TypeAdapters.java:655) ~[gson-2.8.9.jar%2344!/:?]
	at com.google.gson.internal.bind.TypeAdapters$33$1.read(TypeAdapters.java:866) ~[gson-2.8.9.jar%2344!/:?]
	at net.minecraft.util.GsonHelper.fromJson(GsonHelper.java:503) ~[forge-1.18.2-40.2.17_mapped_official_1.18.2.jar%2380!/:?]
	... 11 more
[065月2025 17:46:50.352] [Render thread/ERROR] [net.minecraft.world.item.crafting.RecipeManager/]: Parsing error loading recipe stellariscraft:evidencecraft
com.google.gson.JsonSyntaxException: Unknown item 'stellariscraft:deleted_mod_element'
	at net.minecraftforge.common.crafting.CraftingHelper.getItem(CraftingHelper.java:155) ~[forge-1.18.2-40.2.17_mapped_official_1.18.2.jar%2379%2386!/:?]
	at net.minecraftforge.common.crafting.CraftingHelper.getItemStack(CraftingHelper.java:181) ~[forge-1.18.2-40.2.17_mapped_official_1.18.2.jar%2379%2386!/:?]
	at net.minecraft.world.item.crafting.ShapedRecipe.itemStackFromJson(ShapedRecipe.java:270) ~[forge-1.18.2-40.2.17_mapped_official_1.18.2.jar%2380!/:?]
	at net.minecraft.world.item.crafting.ShapedRecipe$Serializer.fromJson(ShapedRecipe.java:294) ~[forge-1.18.2-40.2.17_mapped_official_1.18.2.jar%2380!/:?]
	at net.minecraft.world.item.crafting.ShapedRecipe$Serializer.fromJson(ShapedRecipe.java:285) ~[forge-1.18.2-40.2.17_mapped_official_1.18.2.jar%2380!/:?]
	at net.minecraftforge.common.extensions.IForgeRecipeSerializer.fromJson(IForgeRecipeSerializer.java:23) ~[forge-1.18.2-40.2.17_mapped_official_1.18.2.jar%2379%2386!/:?]
	at net.minecraft.world.item.crafting.RecipeManager.fromJson(RecipeManager.java:157) ~[forge-1.18.2-40.2.17_mapped_official_1.18.2.jar%2380!/:?]
	at net.minecraft.world.item.crafting.RecipeManager.apply(RecipeManager.java:67) ~[forge-1.18.2-40.2.17_mapped_official_1.18.2.jar%2380!/:?]
	at net.minecraft.world.item.crafting.RecipeManager.apply(RecipeManager.java:34) ~[forge-1.18.2-40.2.17_mapped_official_1.18.2.jar%2380!/:?]
	at net.minecraft.server.packs.resources.SimplePreparableReloadListener.lambda$reload$1(SimplePreparableReloadListener.java:13) ~[forge-1.18.2-40.2.17_mapped_official_1.18.2.jar%2380!/:?]
	at java.util.concurrent.CompletableFuture$UniAccept.tryFire(CompletableFuture.java:718) ~[?:?]
	at java.util.concurrent.CompletableFuture$Completion.run(CompletableFuture.java:482) ~[?:?]
	at net.minecraft.server.packs.resources.SimpleReloadInstance.lambda$new$3(SimpleReloadInstance.java:69) ~[forge-1.18.2-40.2.17_mapped_official_1.18.2.jar%2380!/:?]
	at net.minecraft.util.thread.BlockableEventLoop.doRunTask(BlockableEventLoop.java:157) ~[forge-1.18.2-40.2.17_mapped_official_1.18.2.jar%2380!/:?]
	at net.minecraft.util.thread.ReentrantBlockableEventLoop.doRunTask(ReentrantBlockableEventLoop.java:23) ~[forge-1.18.2-40.2.17_mapped_official_1.18.2.jar%2380!/:?]
	at net.minecraft.util.thread.BlockableEventLoop.pollTask(BlockableEventLoop.java:131) ~[forge-1.18.2-40.2.17_mapped_official_1.18.2.jar%2380!/:?]
	at net.minecraft.util.thread.BlockableEventLoop.managedBlock(BlockableEventLoop.java:140) ~[forge-1.18.2-40.2.17_mapped_official_1.18.2.jar%2380!/:?]
	at net.minecraft.client.Minecraft.makeWorldStem(Minecraft.java:2084) ~[forge-1.18.2-40.2.17_mapped_official_1.18.2.jar%2380!/:?]
	at net.minecraft.client.Minecraft.doLoadLevel(Minecraft.java:1911) ~[forge-1.18.2-40.2.17_mapped_official_1.18.2.jar%2380!/:?]
	at net.minecraft.client.Minecraft.createLevel(Minecraft.java:1879) ~[forge-1.18.2-40.2.17_mapped_official_1.18.2.jar%2380!/:?]
	at net.minecraft.client.gui.screens.worldselection.CreateWorldScreen.onCreate(CreateWorldScreen.java:246) ~[forge-1.18.2-40.2.17_mapped_official_1.18.2.jar%2380!/:?]
	at net.minecraft.client.gui.screens.worldselection.CreateWorldScreen.lambda$init$13(CreateWorldScreen.java:195) ~[forge-1.18.2-40.2.17_mapped_official_1.18.2.jar%2380!/:?]
	at net.minecraft.client.gui.components.Button.onPress(Button.java:40) ~[forge-1.18.2-40.2.17_mapped_official_1.18.2.jar%2380!/:?]
	at net.minecraft.client.gui.components.AbstractButton.onClick(AbstractButton.java:16) ~[forge-1.18.2-40.2.17_mapped_official_1.18.2.jar%2380!/:?]
	at net.minecraft.client.gui.components.AbstractWidget.mouseClicked(AbstractWidget.java:111) ~[forge-1.18.2-40.2.17_mapped_official_1.18.2.jar%2380!/:?]
	at net.minecraft.client.gui.components.events.ContainerEventHandler.mouseClicked(ContainerEventHandler.java:27) ~[forge-1.18.2-40.2.17_mapped_official_1.18.2.jar%2380!/:?]
	at net.minecraft.client.MouseHandler.lambda$onPress$0(MouseHandler.java:88) ~[forge-1.18.2-40.2.17_mapped_official_1.18.2.jar%2380!/:?]
	at net.minecraft.client.gui.screens.Screen.wrapScreenError(Screen.java:528) ~[forge-1.18.2-40.2.17_mapped_official_1.18.2.jar%2380!/:?]
	at net.minecraft.client.MouseHandler.onPress(MouseHandler.java:85) ~[forge-1.18.2-40.2.17_mapped_official_1.18.2.jar%2380!/:?]
	at net.minecraft.client.MouseHandler.lambda$setup$4(MouseHandler.java:185) ~[forge-1.18.2-40.2.17_mapped_official_1.18.2.jar%2380!/:?]
	at net.minecraft.util.thread.BlockableEventLoop.execute(BlockableEventLoop.java:103) ~[forge-1.18.2-40.2.17_mapped_official_1.18.2.jar%2380!/:?]
	at net.minecraft.client.MouseHandler.lambda$setup$5(MouseHandler.java:184) ~[forge-1.18.2-40.2.17_mapped_official_1.18.2.jar%2380!/:?]
	at org.lwjgl.glfw.GLFWMouseButtonCallbackI.callback(GLFWMouseButtonCallbackI.java:36) ~[lwjgl-glfw-3.2.2.jar%2358!/:build 10]
	at org.lwjgl.system.JNI.invokeV(Native Method) ~[lwjgl-3.2.2.jar%2364!/:build 10]
	at org.lwjgl.glfw.GLFW.glfwWaitEventsTimeout(GLFW.java:3174) ~[lwjgl-glfw-3.2.2.jar%2358!/:build 10]
	at com.mojang.blaze3d.systems.RenderSystem.limitDisplayFPS(RenderSystem.java:222) ~[forge-1.18.2-40.2.17_mapped_official_1.18.2.jar%2380!/:?]
	at net.minecraft.client.Minecraft.runTick(Minecraft.java:1071) ~[forge-1.18.2-40.2.17_mapped_official_1.18.2.jar%2380!/:?]
	at net.minecraft.client.Minecraft.run(Minecraft.java:665) ~[forge-1.18.2-40.2.17_mapped_official_1.18.2.jar%2380!/:?]
	at net.minecraft.client.main.Main.main(Main.java:205) ~[forge-1.18.2-40.2.17_mapped_official_1.18.2.jar%2380!/:?]
	at jdk.internal.reflect.NativeMethodAccessorImpl.invoke0(Native Method) ~[?:?]
	at jdk.internal.reflect.NativeMethodAccessorImpl.invoke(NativeMethodAccessorImpl.java:77) ~[?:?]
	at jdk.internal.reflect.DelegatingMethodAccessorImpl.invoke(DelegatingMethodAccessorImpl.java:43) ~[?:?]
	at java.lang.reflect.Method.invoke(Method.java:568) ~[?:?]
	at net.minecraftforge.fml.loading.targets.ForgeClientUserdevLaunchHandler.lambda$launchService$0(ForgeClientUserdevLaunchHandler.java:24) ~[fmlloader-1.18.2-40.2.17.jar%230!/:?]
	at cpw.mods.modlauncher.LaunchServiceHandlerDecorator.launch(LaunchServiceHandlerDecorator.java:37) [modlauncher-9.1.3.jar%2312!/:?]
	at cpw.mods.modlauncher.LaunchServiceHandler.launch(LaunchServiceHandler.java:53) [modlauncher-9.1.3.jar%2312!/:?]
	at cpw.mods.modlauncher.LaunchServiceHandler.launch(LaunchServiceHandler.java:71) [modlauncher-9.1.3.jar%2312!/:?]
	at cpw.mods.modlauncher.Launcher.run(Launcher.java:106) [modlauncher-9.1.3.jar%2312!/:?]
	at cpw.mods.modlauncher.Launcher.main(Launcher.java:77) [modlauncher-9.1.3.jar%2312!/:?]
	at cpw.mods.modlauncher.BootstrapLaunchConsumer.accept(BootstrapLaunchConsumer.java:26) [modlauncher-9.1.3.jar%2312!/:?]
	at cpw.mods.modlauncher.BootstrapLaunchConsumer.accept(BootstrapLaunchConsumer.java:23) [modlauncher-9.1.3.jar%2312!/:?]
	at cpw.mods.bootstraplauncher.BootstrapLauncher.main(BootstrapLauncher.java:149) [bootstraplauncher-1.0.0.jar:?]
[065月2025 17:46:50.365] [Render thread/INFO] [net.minecraft.world.item.crafting.RecipeManager/]: Loaded 7 recipes
[065月2025 17:46:50.649] [Render thread/ERROR] [net.minecraft.world.level.storage.loot.LootTables/]: Couldn't parse loot table irons_spellbooks:magic_items/basic_curios
com.google.gson.JsonSyntaxException: Unknown type 'irons_spellbooks:randomize_ring_enhancement'
	at net.minecraft.world.level.storage.loot.GsonAdapterFactory$JsonAdapter.deserialize(GsonAdapterFactory.java:99) ~[forge-1.18.2-40.2.17_mapped_official_1.18.2.jar%2380!/:?]
	at com.google.gson.internal.bind.TreeTypeAdapter.read(TreeTypeAdapter.java:69) ~[gson-2.8.9.jar%2344!/:?]
	at com.google.gson.internal.bind.TypeAdapterRuntimeTypeWrapper.read(TypeAdapterRuntimeTypeWrapper.java:41) ~[gson-2.8.9.jar%2344!/:?]
	at com.google.gson.internal.bind.ArrayTypeAdapter.read(ArrayTypeAdapter.java:72) ~[gson-2.8.9.jar%2344!/:?]
	at com.google.gson.Gson.fromJson(Gson.java:963) ~[gson-2.8.9.jar%2344!/:?]
	at com.google.gson.Gson.fromJson(Gson.java:1034) ~[gson-2.8.9.jar%2344!/:?]
	at com.google.gson.internal.bind.TreeTypeAdapter$GsonContextImpl.deserialize(TreeTypeAdapter.java:162) ~[gson-2.8.9.jar%2344!/:?]
	at net.minecraft.util.GsonHelper.convertToObject(GsonHelper.java:448) ~[forge-1.18.2-40.2.17_mapped_official_1.18.2.jar%2380!/:?]
	at net.minecraft.util.GsonHelper.getAsObject(GsonHelper.java:466) ~[forge-1.18.2-40.2.17_mapped_official_1.18.2.jar%2380!/:?]
	at net.minecraft.world.level.storage.loot.entries.LootPoolSingletonContainer$Serializer.deserializeCustom(LootPoolSingletonContainer.java:149) ~[forge-1.18.2-40.2.17_mapped_official_1.18.2.jar%2380!/:?]
	at net.minecraft.world.level.storage.loot.entries.LootPoolSingletonContainer$Serializer.deserializeCustom(LootPoolSingletonContainer.java:129) ~[forge-1.18.2-40.2.17_mapped_official_1.18.2.jar%2380!/:?]
	at net.minecraft.world.level.storage.loot.entries.LootPoolEntryContainer$Serializer.deserialize(LootPoolEntryContainer.java:86) ~[forge-1.18.2-40.2.17_mapped_official_1.18.2.jar%2380!/:?]
	at net.minecraft.world.level.storage.loot.entries.LootPoolEntryContainer$Serializer.deserialize(LootPoolEntryContainer.java:74) ~[forge-1.18.2-40.2.17_mapped_official_1.18.2.jar%2380!/:?]
	at net.minecraft.world.level.storage.loot.GsonAdapterFactory$JsonAdapter.deserialize(GsonAdapterFactory.java:102) ~[forge-1.18.2-40.2.17_mapped_official_1.18.2.jar%2380!/:?]
	at com.google.gson.internal.bind.TreeTypeAdapter.read(TreeTypeAdapter.java:69) ~[gson-2.8.9.jar%2344!/:?]
	at com.google.gson.internal.bind.TypeAdapterRuntimeTypeWrapper.read(TypeAdapterRuntimeTypeWrapper.java:41) ~[gson-2.8.9.jar%2344!/:?]
	at com.google.gson.internal.bind.ArrayTypeAdapter.read(ArrayTypeAdapter.java:72) ~[gson-2.8.9.jar%2344!/:?]
	at com.google.gson.Gson.fromJson(Gson.java:963) ~[gson-2.8.9.jar%2344!/:?]
	at com.google.gson.Gson.fromJson(Gson.java:1034) ~[gson-2.8.9.jar%2344!/:?]
	at com.google.gson.internal.bind.TreeTypeAdapter$GsonContextImpl.deserialize(TreeTypeAdapter.java:162) ~[gson-2.8.9.jar%2344!/:?]
	at net.minecraft.util.GsonHelper.convertToObject(GsonHelper.java:448) ~[forge-1.18.2-40.2.17_mapped_official_1.18.2.jar%2380!/:?]
	at net.minecraft.util.GsonHelper.getAsObject(GsonHelper.java:456) ~[forge-1.18.2-40.2.17_mapped_official_1.18.2.jar%2380!/:?]
	at net.minecraft.world.level.storage.loot.LootPool$Serializer.deserialize(LootPool.java:190) ~[forge-1.18.2-40.2.17_mapped_official_1.18.2.jar%2380!/:?]
	at net.minecraft.world.level.storage.loot.LootPool$Serializer.deserialize(LootPool.java:187) ~[forge-1.18.2-40.2.17_mapped_official_1.18.2.jar%2380!/:?]
	at com.google.gson.internal.bind.TreeTypeAdapter.read(TreeTypeAdapter.java:69) ~[gson-2.8.9.jar%2344!/:?]
	at com.google.gson.internal.bind.TypeAdapterRuntimeTypeWrapper.read(TypeAdapterRuntimeTypeWrapper.java:41) ~[gson-2.8.9.jar%2344!/:?]
	at com.google.gson.internal.bind.ArrayTypeAdapter.read(ArrayTypeAdapter.java:72) ~[gson-2.8.9.jar%2344!/:?]
	at com.google.gson.Gson.fromJson(Gson.java:963) ~[gson-2.8.9.jar%2344!/:?]
	at com.google.gson.Gson.fromJson(Gson.java:1034) ~[gson-2.8.9.jar%2344!/:?]
	at com.google.gson.internal.bind.TreeTypeAdapter$GsonContextImpl.deserialize(TreeTypeAdapter.java:162) ~[gson-2.8.9.jar%2344!/:?]
	at net.minecraft.util.GsonHelper.convertToObject(GsonHelper.java:448) ~[forge-1.18.2-40.2.17_mapped_official_1.18.2.jar%2380!/:?]
	at net.minecraft.util.GsonHelper.getAsObject(GsonHelper.java:466) ~[forge-1.18.2-40.2.17_mapped_official_1.18.2.jar%2380!/:?]
	at net.minecraft.world.level.storage.loot.LootTable$Serializer.deserialize(LootTable.java:255) ~[forge-1.18.2-40.2.17_mapped_official_1.18.2.jar%2380!/:?]
	at net.minecraft.world.level.storage.loot.LootTable$Serializer.deserialize(LootTable.java:252) ~[forge-1.18.2-40.2.17_mapped_official_1.18.2.jar%2380!/:?]
	at com.google.gson.internal.bind.TreeTypeAdapter.read(TreeTypeAdapter.java:69) ~[gson-2.8.9.jar%2344!/:?]
	at com.google.gson.Gson.fromJson(Gson.java:963) ~[gson-2.8.9.jar%2344!/:?]
	at com.google.gson.Gson.fromJson(Gson.java:1034) ~[gson-2.8.9.jar%2344!/:?]
	at com.google.gson.Gson.fromJson(Gson.java:1006) ~[gson-2.8.9.jar%2344!/:?]
	at net.minecraftforge.common.ForgeHooks.loadLootTable(ForgeHooks.java:888) ~[forge-1.18.2-40.2.17_mapped_official_1.18.2.jar%2379%2386!/:?]
	at net.minecraft.world.level.storage.loot.LootTables.lambda$apply$0(LootTables.java:41) ~[forge-1.18.2-40.2.17_mapped_official_1.18.2.jar%2380!/:?]
	at java.util.HashMap.forEach(HashMap.java:1421) ~[?:?]
	at net.minecraft.world.level.storage.loot.LootTables.apply(LootTables.java:39) ~[forge-1.18.2-40.2.17_mapped_official_1.18.2.jar%2380!/:?]
	at net.minecraft.world.level.storage.loot.LootTables.apply(LootTables.java:17) ~[forge-1.18.2-40.2.17_mapped_official_1.18.2.jar%2380!/:?]
	at net.minecraft.server.packs.resources.SimplePreparableReloadListener.lambda$reload$1(SimplePreparableReloadListener.java:13) ~[forge-1.18.2-40.2.17_mapped_official_1.18.2.jar%2380!/:?]
	at java.util.concurrent.CompletableFuture$UniAccept.tryFire(CompletableFuture.java:718) ~[?:?]
	at java.util.concurrent.CompletableFuture$Completion.run(CompletableFuture.java:482) ~[?:?]
	at net.minecraft.server.packs.resources.SimpleReloadInstance.lambda$new$3(SimpleReloadInstance.java:69) ~[forge-1.18.2-40.2.17_mapped_official_1.18.2.jar%2380!/:?]
	at net.minecraft.util.thread.BlockableEventLoop.doRunTask(BlockableEventLoop.java:157) ~[forge-1.18.2-40.2.17_mapped_official_1.18.2.jar%2380!/:?]
	at net.minecraft.util.thread.ReentrantBlockableEventLoop.doRunTask(ReentrantBlockableEventLoop.java:23) ~[forge-1.18.2-40.2.17_mapped_official_1.18.2.jar%2380!/:?]
	at net.minecraft.util.thread.BlockableEventLoop.pollTask(BlockableEventLoop.java:131) ~[forge-1.18.2-40.2.17_mapped_official_1.18.2.jar%2380!/:?]
	at net.minecraft.util.thread.BlockableEventLoop.managedBlock(BlockableEventLoop.java:140) ~[forge-1.18.2-40.2.17_mapped_official_1.18.2.jar%2380!/:?]
	at net.minecraft.client.Minecraft.makeWorldStem(Minecraft.java:2084) ~[forge-1.18.2-40.2.17_mapped_official_1.18.2.jar%2380!/:?]
	at net.minecraft.client.Minecraft.doLoadLevel(Minecraft.java:1911) ~[forge-1.18.2-40.2.17_mapped_official_1.18.2.jar%2380!/:?]
	at net.minecraft.client.Minecraft.createLevel(Minecraft.java:1879) ~[forge-1.18.2-40.2.17_mapped_official_1.18.2.jar%2380!/:?]
	at net.minecraft.client.gui.screens.worldselection.CreateWorldScreen.onCreate(CreateWorldScreen.java:246) ~[forge-1.18.2-40.2.17_mapped_official_1.18.2.jar%2380!/:?]
	at net.minecraft.client.gui.screens.worldselection.CreateWorldScreen.lambda$init$13(CreateWorldScreen.java:195) ~[forge-1.18.2-40.2.17_mapped_official_1.18.2.jar%2380!/:?]
	at net.minecraft.client.gui.components.Button.onPress(Button.java:40) ~[forge-1.18.2-40.2.17_mapped_official_1.18.2.jar%2380!/:?]
	at net.minecraft.client.gui.components.AbstractButton.onClick(AbstractButton.java:16) ~[forge-1.18.2-40.2.17_mapped_official_1.18.2.jar%2380!/:?]
	at net.minecraft.client.gui.components.AbstractWidget.mouseClicked(AbstractWidget.java:111) ~[forge-1.18.2-40.2.17_mapped_official_1.18.2.jar%2380!/:?]
	at net.minecraft.client.gui.components.events.ContainerEventHandler.mouseClicked(ContainerEventHandler.java:27) ~[forge-1.18.2-40.2.17_mapped_official_1.18.2.jar%2380!/:?]
	at net.minecraft.client.MouseHandler.lambda$onPress$0(MouseHandler.java:88) ~[forge-1.18.2-40.2.17_mapped_official_1.18.2.jar%2380!/:?]
	at net.minecraft.client.gui.screens.Screen.wrapScreenError(Screen.java:528) ~[forge-1.18.2-40.2.17_mapped_official_1.18.2.jar%2380!/:?]
	at net.minecraft.client.MouseHandler.onPress(MouseHandler.java:85) ~[forge-1.18.2-40.2.17_mapped_official_1.18.2.jar%2380!/:?]
	at net.minecraft.client.MouseHandler.lambda$setup$4(MouseHandler.java:185) ~[forge-1.18.2-40.2.17_mapped_official_1.18.2.jar%2380!/:?]
	at net.minecraft.util.thread.BlockableEventLoop.execute(BlockableEventLoop.java:103) ~[forge-1.18.2-40.2.17_mapped_official_1.18.2.jar%2380!/:?]
	at net.minecraft.client.MouseHandler.lambda$setup$5(MouseHandler.java:184) ~[forge-1.18.2-40.2.17_mapped_official_1.18.2.jar%2380!/:?]
	at org.lwjgl.glfw.GLFWMouseButtonCallbackI.callback(GLFWMouseButtonCallbackI.java:36) ~[lwjgl-glfw-3.2.2.jar%2358!/:build 10]
	at org.lwjgl.system.JNI.invokeV(Native Method) ~[lwjgl-3.2.2.jar%2364!/:build 10]
	at org.lwjgl.glfw.GLFW.glfwWaitEventsTimeout(GLFW.java:3174) ~[lwjgl-glfw-3.2.2.jar%2358!/:build 10]
	at com.mojang.blaze3d.systems.RenderSystem.limitDisplayFPS(RenderSystem.java:222) ~[forge-1.18.2-40.2.17_mapped_official_1.18.2.jar%2380!/:?]
	at net.minecraft.client.Minecraft.runTick(Minecraft.java:1071) ~[forge-1.18.2-40.2.17_mapped_official_1.18.2.jar%2380!/:?]
	at net.minecraft.client.Minecraft.run(Minecraft.java:665) ~[forge-1.18.2-40.2.17_mapped_official_1.18.2.jar%2380!/:?]
	at net.minecraft.client.main.Main.main(Main.java:205) ~[forge-1.18.2-40.2.17_mapped_official_1.18.2.jar%2380!/:?]
	at jdk.internal.reflect.NativeMethodAccessorImpl.invoke0(Native Method) ~[?:?]
	at jdk.internal.reflect.NativeMethodAccessorImpl.invoke(NativeMethodAccessorImpl.java:77) ~[?:?]
	at jdk.internal.reflect.DelegatingMethodAccessorImpl.invoke(DelegatingMethodAccessorImpl.java:43) ~[?:?]
	at java.lang.reflect.Method.invoke(Method.java:568) ~[?:?]
	at net.minecraftforge.fml.loading.targets.ForgeClientUserdevLaunchHandler.lambda$launchService$0(ForgeClientUserdevLaunchHandler.java:24) ~[fmlloader-1.18.2-40.2.17.jar%230!/:?]
	at cpw.mods.modlauncher.LaunchServiceHandlerDecorator.launch(LaunchServiceHandlerDecorator.java:37) [modlauncher-9.1.3.jar%2312!/:?]
	at cpw.mods.modlauncher.LaunchServiceHandler.launch(LaunchServiceHandler.java:53) [modlauncher-9.1.3.jar%2312!/:?]
	at cpw.mods.modlauncher.LaunchServiceHandler.launch(LaunchServiceHandler.java:71) [modlauncher-9.1.3.jar%2312!/:?]
	at cpw.mods.modlauncher.Launcher.run(Launcher.java:106) [modlauncher-9.1.3.jar%2312!/:?]
	at cpw.mods.modlauncher.Launcher.main(Launcher.java:77) [modlauncher-9.1.3.jar%2312!/:?]
	at cpw.mods.modlauncher.BootstrapLaunchConsumer.accept(BootstrapLaunchConsumer.java:26) [modlauncher-9.1.3.jar%2312!/:?]
	at cpw.mods.modlauncher.BootstrapLaunchConsumer.accept(BootstrapLaunchConsumer.java:23) [modlauncher-9.1.3.jar%2312!/:?]
	at cpw.mods.bootstraplauncher.BootstrapLauncher.main(BootstrapLauncher.java:149) [bootstraplauncher-1.0.0.jar:?]
[065月2025 17:46:50.662] [Render thread/ERROR] [net.minecraft.world.level.storage.loot.LootTables/]: Couldn't parse loot table irons_spellbooks:chests/additional_ancient_city_loot
com.google.gson.JsonSyntaxException: Expected name to be an item, was unknown string 'irons_spellbooks:ruined_book'
	at net.minecraft.util.GsonHelper.lambda$convertToItem$0(GsonHelper.java:130) ~[forge-1.18.2-40.2.17_mapped_official_1.18.2.jar%2380!/:?]
	at java.util.Optional.orElseThrow(Optional.java:403) ~[?:?]
	at net.minecraft.util.GsonHelper.convertToItem(GsonHelper.java:130) ~[forge-1.18.2-40.2.17_mapped_official_1.18.2.jar%2380!/:?]
	at net.minecraft.util.GsonHelper.getAsItem(GsonHelper.java:138) ~[forge-1.18.2-40.2.17_mapped_official_1.18.2.jar%2380!/:?]
	at net.minecraft.world.level.storage.loot.entries.LootItem$Serializer.deserialize(LootItem.java:55) ~[forge-1.18.2-40.2.17_mapped_official_1.18.2.jar%2380!/:?]
	at net.minecraft.world.level.storage.loot.entries.LootItem$Serializer.deserialize(LootItem.java:40) ~[forge-1.18.2-40.2.17_mapped_official_1.18.2.jar%2380!/:?]
	at net.minecraft.world.level.storage.loot.entries.LootPoolSingletonContainer$Serializer.deserializeCustom(LootPoolSingletonContainer.java:151) ~[forge-1.18.2-40.2.17_mapped_official_1.18.2.jar%2380!/:?]
	at net.minecraft.world.level.storage.loot.entries.LootPoolSingletonContainer$Serializer.deserializeCustom(LootPoolSingletonContainer.java:129) ~[forge-1.18.2-40.2.17_mapped_official_1.18.2.jar%2380!/:?]
	at net.minecraft.world.level.storage.loot.entries.LootPoolEntryContainer$Serializer.deserialize(LootPoolEntryContainer.java:86) ~[forge-1.18.2-40.2.17_mapped_official_1.18.2.jar%2380!/:?]
	at net.minecraft.world.level.storage.loot.entries.LootPoolEntryContainer$Serializer.deserialize(LootPoolEntryContainer.java:74) ~[forge-1.18.2-40.2.17_mapped_official_1.18.2.jar%2380!/:?]
	at net.minecraft.world.level.storage.loot.GsonAdapterFactory$JsonAdapter.deserialize(GsonAdapterFactory.java:102) ~[forge-1.18.2-40.2.17_mapped_official_1.18.2.jar%2380!/:?]
	at com.google.gson.internal.bind.TreeTypeAdapter.read(TreeTypeAdapter.java:69) ~[gson-2.8.9.jar%2344!/:?]
	at com.google.gson.internal.bind.TypeAdapterRuntimeTypeWrapper.read(TypeAdapterRuntimeTypeWrapper.java:41) ~[gson-2.8.9.jar%2344!/:?]
	at com.google.gson.internal.bind.ArrayTypeAdapter.read(ArrayTypeAdapter.java:72) ~[gson-2.8.9.jar%2344!/:?]
	at com.google.gson.Gson.fromJson(Gson.java:963) ~[gson-2.8.9.jar%2344!/:?]
	at com.google.gson.Gson.fromJson(Gson.java:1034) ~[gson-2.8.9.jar%2344!/:?]
	at com.google.gson.internal.bind.TreeTypeAdapter$GsonContextImpl.deserialize(TreeTypeAdapter.java:162) ~[gson-2.8.9.jar%2344!/:?]
	at net.minecraft.util.GsonHelper.convertToObject(GsonHelper.java:448) ~[forge-1.18.2-40.2.17_mapped_official_1.18.2.jar%2380!/:?]
	at net.minecraft.util.GsonHelper.getAsObject(GsonHelper.java:456) ~[forge-1.18.2-40.2.17_mapped_official_1.18.2.jar%2380!/:?]
	at net.minecraft.world.level.storage.loot.LootPool$Serializer.deserialize(LootPool.java:190) ~[forge-1.18.2-40.2.17_mapped_official_1.18.2.jar%2380!/:?]
	at net.minecraft.world.level.storage.loot.LootPool$Serializer.deserialize(LootPool.java:187) ~[forge-1.18.2-40.2.17_mapped_official_1.18.2.jar%2380!/:?]
	at com.google.gson.internal.bind.TreeTypeAdapter.read(TreeTypeAdapter.java:69) ~[gson-2.8.9.jar%2344!/:?]
	at com.google.gson.internal.bind.TypeAdapterRuntimeTypeWrapper.read(TypeAdapterRuntimeTypeWrapper.java:41) ~[gson-2.8.9.jar%2344!/:?]
	at com.google.gson.internal.bind.ArrayTypeAdapter.read(ArrayTypeAdapter.java:72) ~[gson-2.8.9.jar%2344!/:?]
	at com.google.gson.Gson.fromJson(Gson.java:963) ~[gson-2.8.9.jar%2344!/:?]
	at com.google.gson.Gson.fromJson(Gson.java:1034) ~[gson-2.8.9.jar%2344!/:?]
	at com.google.gson.internal.bind.TreeTypeAdapter$GsonContextImpl.deserialize(TreeTypeAdapter.java:162) ~[gson-2.8.9.jar%2344!/:?]
	at net.minecraft.util.GsonHelper.convertToObject(GsonHelper.java:448) ~[forge-1.18.2-40.2.17_mapped_official_1.18.2.jar%2380!/:?]
	at net.minecraft.util.GsonHelper.getAsObject(GsonHelper.java:466) ~[forge-1.18.2-40.2.17_mapped_official_1.18.2.jar%2380!/:?]
	at net.minecraft.world.level.storage.loot.LootTable$Serializer.deserialize(LootTable.java:255) ~[forge-1.18.2-40.2.17_mapped_official_1.18.2.jar%2380!/:?]
	at net.minecraft.world.level.storage.loot.LootTable$Serializer.deserialize(LootTable.java:252) ~[forge-1.18.2-40.2.17_mapped_official_1.18.2.jar%2380!/:?]
	at com.google.gson.internal.bind.TreeTypeAdapter.read(TreeTypeAdapter.java:69) ~[gson-2.8.9.jar%2344!/:?]
	at com.google.gson.Gson.fromJson(Gson.java:963) ~[gson-2.8.9.jar%2344!/:?]
	at com.google.gson.Gson.fromJson(Gson.java:1034) ~[gson-2.8.9.jar%2344!/:?]
	at com.google.gson.Gson.fromJson(Gson.java:1006) ~[gson-2.8.9.jar%2344!/:?]
	at net.minecraftforge.common.ForgeHooks.loadLootTable(ForgeHooks.java:888) ~[forge-1.18.2-40.2.17_mapped_official_1.18.2.jar%2379%2386!/:?]
	at net.minecraft.world.level.storage.loot.LootTables.lambda$apply$0(LootTables.java:41) ~[forge-1.18.2-40.2.17_mapped_official_1.18.2.jar%2380!/:?]
	at java.util.HashMap.forEach(HashMap.java:1421) ~[?:?]
	at net.minecraft.world.level.storage.loot.LootTables.apply(LootTables.java:39) ~[forge-1.18.2-40.2.17_mapped_official_1.18.2.jar%2380!/:?]
	at net.minecraft.world.level.storage.loot.LootTables.apply(LootTables.java:17) ~[forge-1.18.2-40.2.17_mapped_official_1.18.2.jar%2380!/:?]
	at net.minecraft.server.packs.resources.SimplePreparableReloadListener.lambda$reload$1(SimplePreparableReloadListener.java:13) ~[forge-1.18.2-40.2.17_mapped_official_1.18.2.jar%2380!/:?]
	at java.util.concurrent.CompletableFuture$UniAccept.tryFire(CompletableFuture.java:718) ~[?:?]
	at java.util.concurrent.CompletableFuture$Completion.run(CompletableFuture.java:482) ~[?:?]
	at net.minecraft.server.packs.resources.SimpleReloadInstance.lambda$new$3(SimpleReloadInstance.java:69) ~[forge-1.18.2-40.2.17_mapped_official_1.18.2.jar%2380!/:?]
	at net.minecraft.util.thread.BlockableEventLoop.doRunTask(BlockableEventLoop.java:157) ~[forge-1.18.2-40.2.17_mapped_official_1.18.2.jar%2380!/:?]
	at net.minecraft.util.thread.ReentrantBlockableEventLoop.doRunTask(ReentrantBlockableEventLoop.java:23) ~[forge-1.18.2-40.2.17_mapped_official_1.18.2.jar%2380!/:?]
	at net.minecraft.util.thread.BlockableEventLoop.pollTask(BlockableEventLoop.java:131) ~[forge-1.18.2-40.2.17_mapped_official_1.18.2.jar%2380!/:?]
	at net.minecraft.util.thread.BlockableEventLoop.managedBlock(BlockableEventLoop.java:140) ~[forge-1.18.2-40.2.17_mapped_official_1.18.2.jar%2380!/:?]
	at net.minecraft.client.Minecraft.makeWorldStem(Minecraft.java:2084) ~[forge-1.18.2-40.2.17_mapped_official_1.18.2.jar%2380!/:?]
	at net.minecraft.client.Minecraft.doLoadLevel(Minecraft.java:1911) ~[forge-1.18.2-40.2.17_mapped_official_1.18.2.jar%2380!/:?]
	at net.minecraft.client.Minecraft.createLevel(Minecraft.java:1879) ~[forge-1.18.2-40.2.17_mapped_official_1.18.2.jar%2380!/:?]
	at net.minecraft.client.gui.screens.worldselection.CreateWorldScreen.onCreate(CreateWorldScreen.java:246) ~[forge-1.18.2-40.2.17_mapped_official_1.18.2.jar%2380!/:?]
	at net.minecraft.client.gui.screens.worldselection.CreateWorldScreen.lambda$init$13(CreateWorldScreen.java:195) ~[forge-1.18.2-40.2.17_mapped_official_1.18.2.jar%2380!/:?]
	at net.minecraft.client.gui.components.Button.onPress(Button.java:40) ~[forge-1.18.2-40.2.17_mapped_official_1.18.2.jar%2380!/:?]
	at net.minecraft.client.gui.components.AbstractButton.onClick(AbstractButton.java:16) ~[forge-1.18.2-40.2.17_mapped_official_1.18.2.jar%2380!/:?]
	at net.minecraft.client.gui.components.AbstractWidget.mouseClicked(AbstractWidget.java:111) ~[forge-1.18.2-40.2.17_mapped_official_1.18.2.jar%2380!/:?]
	at net.minecraft.client.gui.components.events.ContainerEventHandler.mouseClicked(ContainerEventHandler.java:27) ~[forge-1.18.2-40.2.17_mapped_official_1.18.2.jar%2380!/:?]
	at net.minecraft.client.MouseHandler.lambda$onPress$0(MouseHandler.java:88) ~[forge-1.18.2-40.2.17_mapped_official_1.18.2.jar%2380!/:?]
	at net.minecraft.client.gui.screens.Screen.wrapScreenError(Screen.java:528) ~[forge-1.18.2-40.2.17_mapped_official_1.18.2.jar%2380!/:?]
	at net.minecraft.client.MouseHandler.onPress(MouseHandler.java:85) ~[forge-1.18.2-40.2.17_mapped_official_1.18.2.jar%2380!/:?]
	at net.minecraft.client.MouseHandler.lambda$setup$4(MouseHandler.java:185) ~[forge-1.18.2-40.2.17_mapped_official_1.18.2.jar%2380!/:?]
	at net.minecraft.util.thread.BlockableEventLoop.execute(BlockableEventLoop.java:103) ~[forge-1.18.2-40.2.17_mapped_official_1.18.2.jar%2380!/:?]
	at net.minecraft.client.MouseHandler.lambda$setup$5(MouseHandler.java:184) ~[forge-1.18.2-40.2.17_mapped_official_1.18.2.jar%2380!/:?]
	at org.lwjgl.glfw.GLFWMouseButtonCallbackI.callback(GLFWMouseButtonCallbackI.java:36) ~[lwjgl-glfw-3.2.2.jar%2358!/:build 10]
	at org.lwjgl.system.JNI.invokeV(Native Method) ~[lwjgl-3.2.2.jar%2364!/:build 10]
	at org.lwjgl.glfw.GLFW.glfwWaitEventsTimeout(GLFW.java:3174) ~[lwjgl-glfw-3.2.2.jar%2358!/:build 10]
	at com.mojang.blaze3d.systems.RenderSystem.limitDisplayFPS(RenderSystem.java:222) ~[forge-1.18.2-40.2.17_mapped_official_1.18.2.jar%2380!/:?]
	at net.minecraft.client.Minecraft.runTick(Minecraft.java:1071) ~[forge-1.18.2-40.2.17_mapped_official_1.18.2.jar%2380!/:?]
	at net.minecraft.client.Minecraft.run(Minecraft.java:665) ~[forge-1.18.2-40.2.17_mapped_official_1.18.2.jar%2380!/:?]
	at net.minecraft.client.main.Main.main(Main.java:205) ~[forge-1.18.2-40.2.17_mapped_official_1.18.2.jar%2380!/:?]
	at jdk.internal.reflect.NativeMethodAccessorImpl.invoke0(Native Method) ~[?:?]
	at jdk.internal.reflect.NativeMethodAccessorImpl.invoke(NativeMethodAccessorImpl.java:77) ~[?:?]
	at jdk.internal.reflect.DelegatingMethodAccessorImpl.invoke(DelegatingMethodAccessorImpl.java:43) ~[?:?]
	at java.lang.reflect.Method.invoke(Method.java:568) ~[?:?]
	at net.minecraftforge.fml.loading.targets.ForgeClientUserdevLaunchHandler.lambda$launchService$0(ForgeClientUserdevLaunchHandler.java:24) ~[fmlloader-1.18.2-40.2.17.jar%230!/:?]
	at cpw.mods.modlauncher.LaunchServiceHandlerDecorator.launch(LaunchServiceHandlerDecorator.java:37) [modlauncher-9.1.3.jar%2312!/:?]
	at cpw.mods.modlauncher.LaunchServiceHandler.launch(LaunchServiceHandler.java:53) [modlauncher-9.1.3.jar%2312!/:?]
	at cpw.mods.modlauncher.LaunchServiceHandler.launch(LaunchServiceHandler.java:71) [modlauncher-9.1.3.jar%2312!/:?]
	at cpw.mods.modlauncher.Launcher.run(Launcher.java:106) [modlauncher-9.1.3.jar%2312!/:?]
	at cpw.mods.modlauncher.Launcher.main(Launcher.java:77) [modlauncher-9.1.3.jar%2312!/:?]
	at cpw.mods.modlauncher.BootstrapLaunchConsumer.accept(BootstrapLaunchConsumer.java:26) [modlauncher-9.1.3.jar%2312!/:?]
	at cpw.mods.modlauncher.BootstrapLaunchConsumer.accept(BootstrapLaunchConsumer.java:23) [modlauncher-9.1.3.jar%2312!/:?]
	at cpw.mods.bootstraplauncher.BootstrapLauncher.main(BootstrapLauncher.java:149) [bootstraplauncher-1.0.0.jar:?]
[065月2025 17:46:51.059] [Render thread/WARN] [net.minecraft.world.level.storage.loot.LootTables/]: Found validation problem in {irons_spellbooks:chests/catacombs/wall_loot}.pools[1].entries[2]: Unknown loot table called irons_spellbooks:magic_items/basic_curios
[065月2025 17:46:51.059] [Render thread/WARN] [net.minecraft.world.level.storage.loot.LootTables/]: Found validation problem in {irons_spellbooks:chests/additional_nether_loot}.pools[1].entries[0]: Unknown loot table called irons_spellbooks:magic_items/basic_curios
[065月2025 17:46:51.059] [Render thread/WARN] [net.minecraft.world.level.storage.loot.LootTables/]: Found validation problem in {irons_spellbooks:chests/evoker_fort}.pools[3].entries[0]: Unknown loot table called irons_spellbooks:magic_items/basic_curios
[065月2025 17:46:51.059] [Render thread/WARN] [net.minecraft.world.level.storage.loot.LootTables/]: Found validation problem in {irons_spellbooks:chests/catacombs/crypt_loot}.pools[0].entries[0]: Unknown loot table called irons_spellbooks:magic_items/basic_curios
[065月2025 17:46:51.059] [Render thread/WARN] [net.minecraft.world.level.storage.loot.LootTables/]: Found validation problem in {irons_spellbooks:chests/generic_magic_treasure}.pools[4].entries[0]: Unknown loot table called irons_spellbooks:magic_items/basic_curios
[065月2025 17:46:51.060] [Render thread/WARN] [net.minecraft.world.level.storage.loot.LootTables/]: Found validation problem in {irons_spellbooks:chests/magic_bookshelf_loot}.pools[1].entries[0]: Unknown loot table called irons_spellbooks:magic_items/basic_curios
[065月2025 17:46:51.060] [Render thread/WARN] [net.minecraft.world.level.storage.loot.LootTables/]: Found validation problem in {irons_spellbooks:chests/mountain_tower}.pools[2].entries[0]: Unknown loot table called irons_spellbooks:magic_items/basic_curios
[065月2025 17:46:51.060] [Render thread/WARN] [net.minecraft.world.level.storage.loot.LootTables/]: Found validation problem in {irons_spellbooks:chests/mangrove_hut}.pools[3].entries[0]: Unknown loot table called irons_spellbooks:magic_items/basic_curios
[065月2025 17:46:51.070] [Render thread/ERROR] [net.minecraft.server.ServerAdvancementManager/]: Parsing error loading custom advancement irons_spellbooks:irons_spellbooks/make_antiquated_compass_dupe: Expected item to be an item, was unknown string 'irons_spellbooks:antiquated_compass'
[065月2025 17:46:51.084] [Render thread/ERROR] [net.minecraft.server.ServerAdvancementManager/]: Parsing error loading custom advancement irons_spellbooks:irons_spellbooks/magic_aura_dupe: Expected item to be an item, was unknown string 'irons_spellbooks:enchanted_ward_amulet'
[065月2025 17:46:51.087] [Render thread/ERROR] [net.minecraft.server.ServerAdvancementManager/]: Parsing error loading custom advancement irons_spellbooks:magic_aura: Expected item to be an item, was unknown string 'irons_spellbooks:enchanted_ward_amulet'
[065月2025 17:46:51.089] [Render thread/ERROR] [net.minecraft.server.ServerAdvancementManager/]: Parsing error loading custom advancement irons_spellbooks:make_antiquated_compass: Expected item to be an item, was unknown string 'irons_spellbooks:antiquated_compass'
[065月2025 17:46:51.111] [Render thread/INFO] [net.minecraft.advancements.AdvancementList/]: Loaded 1449 advancements
[065月2025 17:46:51.156] [Render thread/INFO] [indestructible/]: [Custom Entity Error] can't find a proper argument for using_item. [name: edible, type: boolean, default: ]
[065月2025 17:46:51.156] [Render thread/INFO] [indestructible/]: [Custom Entity Error] can't find a proper argument for using_item. [name: edible, type: boolean, default: ]
[065月2025 17:46:51.157] [Render thread/INFO] [indestructible/]: [Custom Entity Error] can't find a proper argument for using_item. [name: edible, type: boolean, default: ]
[065月2025 17:46:51.157] [Render thread/INFO] [indestructible/]: [Custom Entity Error] can't find a proper argument for using_item. [name: edible, type: boolean, default: ]
[065月2025 17:46:51.157] [Render thread/INFO] [indestructible/]: [Custom Entity Error] can't find a proper argument for using_item. [name: edible, type: boolean, default: ]
[065月2025 17:46:51.157] [Render thread/INFO] [indestructible/]: [Custom Entity Error] can't find a proper argument for using_item. [name: edible, type: boolean, default: ]
[065月2025 17:46:51.158] [Render thread/INFO] [indestructible/]: [Custom Entity Error] can't find a proper argument for using_item. [name: edible, type: boolean, default: ]
[065月2025 17:46:51.158] [Render thread/INFO] [indestructible/]: [Custom Entity Error] can't find a proper argument for using_item. [name: edible, type: boolean, default: ]
[065月2025 17:46:51.158] [Render thread/INFO] [indestructible/]: [Custom Entity Error] can't find a proper argument for using_item. [name: edible, type: boolean, default: ]
[065月2025 17:46:51.159] [Render thread/INFO] [indestructible/]: [Custom Entity Error] can't find a proper argument for using_item. [name: edible, type: boolean, default: ]
[065月2025 17:46:51.159] [Render thread/INFO] [indestructible/]: [Custom Entity Error] can't find a proper argument for using_item. [name: edible, type: boolean, default: ]
[065月2025 17:46:51.159] [Render thread/INFO] [indestructible/]: [Custom Entity Error] can't find a proper argument for using_item. [name: edible, type: boolean, default: ]
[065月2025 17:46:51.159] [Render thread/INFO] [indestructible/]: [Custom Entity Error] can't find a proper argument for using_item. [name: edible, type: boolean, default: ]
[065月2025 17:46:51.159] [Render thread/INFO] [indestructible/]: [Custom Entity Error] can't find a proper argument for using_item. [name: edible, type: boolean, default: ]
[065月2025 17:46:51.160] [Render thread/INFO] [indestructible/]: [Custom Entity Error] can't find a proper argument for using_item. [name: edible, type: boolean, default: ]
[065月2025 17:46:51.160] [Render thread/INFO] [indestructible/]: [Custom Entity Error] can't find a proper argument for using_item. [name: edible, type: boolean, default: ]
[065月2025 17:46:51.160] [Render thread/INFO] [indestructible/]: [Custom Entity Error] can't find a proper argument for using_item. [name: edible, type: boolean, default: ]
[065月2025 17:46:51.160] [Render thread/INFO] [indestructible/]: [Custom Entity Error] can't find a proper argument for using_item. [name: edible, type: boolean, default: ]
[065月2025 17:46:51.160] [Render thread/INFO] [indestructible/]: [Custom Entity Error] can't find a proper argument for using_item. [name: edible, type: boolean, default: ]
[065月2025 17:46:51.161] [Render thread/INFO] [indestructible/]: [Custom Entity Error] can't find a proper argument for using_item. [name: edible, type: boolean, default: ]
[065月2025 17:46:51.161] [Render thread/INFO] [com.stereowalker.tiered.data.AttributeDataLoader/]: Loaded 0 item attributes
[065月2025 17:46:51.168] [Render thread/INFO] [com.p1nero.wukong.WukongMoveset/]: loading heavy attack animations: null
[065月2025 17:46:51.168] [Render thread/INFO] [com.p1nero.wukong.WukongMoveset/]: loading heavy attack animations: null
[065月2025 17:46:51.168] [Render thread/INFO] [com.p1nero.wukong.WukongMoveset/]: loading heavy attack animations: null
[065月2025 17:46:51.168] [Render thread/INFO] [com.p1nero.wukong.WukongMoveset/]: loading heavy attack animations: null
[065月2025 17:46:51.168] [Render thread/INFO] [com.p1nero.wukong.WukongMoveset/]: loading heavy attack animations: null
[065月2025 17:46:51.169] [Render thread/INFO] [com.dfdyz.epicacg.registry.MySkills/]: Build EpicACG Skill
[065月2025 17:46:51.170] [Render thread/INFO] [com.guhao.star.skills.StarSkill/]: Build Star Skill
[065月2025 17:46:51.170] [Render thread/INFO] [com.guhao.star.skills.StarSkill/]: Build Star Skill
[065月2025 17:46:51.176] [Render thread/WARN] [epicfight/]: Skill wom:heart_shield not exists
[065月2025 17:46:51.176] [Render thread/WARN] [epicfight/]: Skill wom:dodge_master not exists
[065月2025 17:46:51.176] [Render thread/WARN] [epicfight/]: Skill wom:bull_charge not exists
[065月2025 17:46:51.176] [Render thread/WARN] [epicfight/]: Skill star:uchigatanaspikes not exists
[065月2025 17:46:51.176] [Render thread/WARN] [epicfight/]: Skill wom:meditation not exists
[065月2025 17:46:51.176] [Render thread/WARN] [epicfight/]: Skill wom:arrow_tenacity not exists
[065月2025 17:46:51.176] [Render thread/WARN] [epicfight/]: Skill wukong:common not exists
[065月2025 17:46:51.176] [Render thread/WARN] [epicfight/]: Skill wom:dancing_blade not exists
[065月2025 17:46:51.177] [Render thread/WARN] [epicfight/]: Skill wom:ender_obscuris not exists
[065月2025 17:46:51.177] [Render thread/WARN] [epicfight/]: Skill wom:adrenaline not exists
[065月2025 17:46:51.177] [Render thread/WARN] [epicfight/]: Skill wom:vengeful_parry not exists
[065月2025 17:46:51.177] [Render thread/WARN] [epicfight/]: Skill wom:mindset not exists
[065月2025 17:46:51.177] [Render thread/WARN] [epicfight/]: Skill wom:pain_anticipation not exists
[065月2025 17:46:51.177] [Render thread/WARN] [epicfight/]: Skill wom:latent_retribution not exists
[065月2025 17:46:51.177] [Render thread/WARN] [epicfight/]: Skill wom:critical_knowledge not exists
[065月2025 17:46:51.177] [Render thread/WARN] [epicfight/]: Skill wukong:stand_charged not exists
[065月2025 17:46:51.177] [Render thread/WARN] [epicfight/]: Skill wom:shadow_step not exists
[065月2025 17:46:51.177] [Render thread/WARN] [epicfight/]: Skill wom:perfect_bulwark not exists
[065月2025 17:46:51.177] [Render thread/WARN] [epicfight/]: Skill wom:counter_attack not exists
[065月2025 17:46:51.177] [Render thread/WARN] [epicfight/]: Skill wom:ender_step not exists
[065月2025 17:46:51.177] [Render thread/WARN] [epicfight/]: Skill wom:vampirize not exists
[065月2025 17:46:51.210] [Render thread/INFO] [ModdingLegacy/structure_gel/]: [Structure Gel] Skipped world load warning screen for world that uses experimental settings. You can disable this via config.
[065月2025 17:46:51.679] [Render thread/WARN] [net.minecraft.commands.Commands/]: Ambiguity between arguments [teleport, location] and [teleport, destination] with inputs: [0.1 -0.5 .9, 0 0 0]
[065月2025 17:46:51.679] [Render thread/WARN] [net.minecraft.commands.Commands/]: Ambiguity between arguments [teleport, location] and [teleport, targets] with inputs: [0.1 -0.5 .9, 0 0 0]
[065月2025 17:46:51.680] [Render thread/WARN] [net.minecraft.commands.Commands/]: Ambiguity between arguments [teleport, destination] and [teleport, targets] with inputs: [Player, 0123, @e, dd12be42-52a9-4a91-a8a1-11c01849e498]
[065月2025 17:46:51.680] [Render thread/WARN] [net.minecraft.commands.Commands/]: Ambiguity between arguments [teleport, targets] and [teleport, destination] with inputs: [Player, 0123, dd12be42-52a9-4a91-a8a1-11c01849e498]
[065月2025 17:46:51.680] [Render thread/WARN] [net.minecraft.commands.Commands/]: Ambiguity between arguments [teleport, targets, location] and [teleport, targets, destination] with inputs: [0.1 -0.5 .9, 0 0 0]
[065月2025 17:46:52.611] [Worker-Main-19/ERROR] [net.minecraft.server.packs.resources.SimpleJsonResourceReloadListener/]: Couldn't parse data file star:blade_rush_finisher from star:skill_parameters/blade_rush_finisher.json
com.google.gson.JsonParseException: java.io.EOFException: End of input at line 1 column 1 path $
	at net.minecraft.util.GsonHelper.fromJson(GsonHelper.java:505) ~[forge-1.18.2-40.2.17_mapped_official_1.18.2.jar%2380!/:?]
	at net.minecraft.util.GsonHelper.fromJson(GsonHelper.java:542) ~[forge-1.18.2-40.2.17_mapped_official_1.18.2.jar%2380!/:?]
	at net.minecraft.server.packs.resources.SimpleJsonResourceReloadListener.prepare(SimpleJsonResourceReloadListener.java:52) ~[forge-1.18.2-40.2.17_mapped_official_1.18.2.jar%2380!/:?]
	at net.minecraft.server.packs.resources.SimpleJsonResourceReloadListener.prepare(SimpleJsonResourceReloadListener.java:20) ~[forge-1.18.2-40.2.17_mapped_official_1.18.2.jar%2380!/:?]
	at net.minecraft.server.packs.resources.SimplePreparableReloadListener.lambda$reload$0(SimplePreparableReloadListener.java:11) ~[forge-1.18.2-40.2.17_mapped_official_1.18.2.jar%2380!/:?]
	at java.util.concurrent.CompletableFuture$AsyncSupply.run(CompletableFuture.java:1768) [?:?]
	at java.util.concurrent.CompletableFuture$AsyncSupply.exec(CompletableFuture.java:1760) [?:?]
	at java.util.concurrent.ForkJoinTask.doExec(ForkJoinTask.java:373) [?:?]
	at java.util.concurrent.ForkJoinPool$WorkQueue.topLevelExec(ForkJoinPool.java:1182) [?:?]
	at java.util.concurrent.ForkJoinPool.scan(ForkJoinPool.java:1655) [?:?]
	at java.util.concurrent.ForkJoinPool.runWorker(ForkJoinPool.java:1622) [?:?]
	at java.util.concurrent.ForkJoinWorkerThread.run(ForkJoinWorkerThread.java:165) [?:?]
Caused by: java.io.EOFException: End of input at line 1 column 1 path $
	at com.google.gson.stream.JsonReader.nextNonWhitespace(JsonReader.java:1395) ~[gson-2.8.9.jar%2344!/:?]
	at com.google.gson.stream.JsonReader.doPeek(JsonReader.java:548) ~[gson-2.8.9.jar%2344!/:?]
	at com.google.gson.stream.JsonReader.peek(JsonReader.java:424) ~[gson-2.8.9.jar%2344!/:?]
	at com.google.gson.internal.bind.TypeAdapters$27.read(TypeAdapters.java:661) ~[gson-2.8.9.jar%2344!/:?]
	at com.google.gson.internal.bind.TypeAdapters$27.read(TypeAdapters.java:655) ~[gson-2.8.9.jar%2344!/:?]
	at com.google.gson.internal.bind.TypeAdapters$33$1.read(TypeAdapters.java:866) ~[gson-2.8.9.jar%2344!/:?]
	at net.minecraft.util.GsonHelper.fromJson(GsonHelper.java:503) ~[forge-1.18.2-40.2.17_mapped_official_1.18.2.jar%2380!/:?]
	... 11 more
[065月2025 17:46:52.612] [Worker-Main-19/ERROR] [net.minecraft.server.packs.resources.SimpleJsonResourceReloadListener/]: Couldn't parse data file star:dual_slash from star:skill_parameters/dual_slash.json
com.google.gson.JsonParseException: java.io.EOFException: End of input at line 1 column 1 path $
	at net.minecraft.util.GsonHelper.fromJson(GsonHelper.java:505) ~[forge-1.18.2-40.2.17_mapped_official_1.18.2.jar%2380!/:?]
	at net.minecraft.util.GsonHelper.fromJson(GsonHelper.java:542) ~[forge-1.18.2-40.2.17_mapped_official_1.18.2.jar%2380!/:?]
	at net.minecraft.server.packs.resources.SimpleJsonResourceReloadListener.prepare(SimpleJsonResourceReloadListener.java:52) ~[forge-1.18.2-40.2.17_mapped_official_1.18.2.jar%2380!/:?]
	at net.minecraft.server.packs.resources.SimpleJsonResourceReloadListener.prepare(SimpleJsonResourceReloadListener.java:20) ~[forge-1.18.2-40.2.17_mapped_official_1.18.2.jar%2380!/:?]
	at net.minecraft.server.packs.resources.SimplePreparableReloadListener.lambda$reload$0(SimplePreparableReloadListener.java:11) ~[forge-1.18.2-40.2.17_mapped_official_1.18.2.jar%2380!/:?]
	at java.util.concurrent.CompletableFuture$AsyncSupply.run(CompletableFuture.java:1768) [?:?]
	at java.util.concurrent.CompletableFuture$AsyncSupply.exec(CompletableFuture.java:1760) [?:?]
	at java.util.concurrent.ForkJoinTask.doExec(ForkJoinTask.java:373) [?:?]
	at java.util.concurrent.ForkJoinPool$WorkQueue.topLevelExec(ForkJoinPool.java:1182) [?:?]
	at java.util.concurrent.ForkJoinPool.scan(ForkJoinPool.java:1655) [?:?]
	at java.util.concurrent.ForkJoinPool.runWorker(ForkJoinPool.java:1622) [?:?]
	at java.util.concurrent.ForkJoinWorkerThread.run(ForkJoinWorkerThread.java:165) [?:?]
Caused by: java.io.EOFException: End of input at line 1 column 1 path $
	at com.google.gson.stream.JsonReader.nextNonWhitespace(JsonReader.java:1395) ~[gson-2.8.9.jar%2344!/:?]
	at com.google.gson.stream.JsonReader.doPeek(JsonReader.java:548) ~[gson-2.8.9.jar%2344!/:?]
	at com.google.gson.stream.JsonReader.peek(JsonReader.java:424) ~[gson-2.8.9.jar%2344!/:?]
	at com.google.gson.internal.bind.TypeAdapters$27.read(TypeAdapters.java:661) ~[gson-2.8.9.jar%2344!/:?]
	at com.google.gson.internal.bind.TypeAdapters$27.read(TypeAdapters.java:655) ~[gson-2.8.9.jar%2344!/:?]
	at com.google.gson.internal.bind.TypeAdapters$33$1.read(TypeAdapters.java:866) ~[gson-2.8.9.jar%2344!/:?]
	at net.minecraft.util.GsonHelper.fromJson(GsonHelper.java:503) ~[forge-1.18.2-40.2.17_mapped_official_1.18.2.jar%2380!/:?]
	... 11 more
[065月2025 17:46:52.614] [Worker-Main-19/ERROR] [net.minecraft.server.packs.resources.SimpleJsonResourceReloadListener/]: Couldn't parse data file star:slash from star:skill_parameters/slash.json
com.google.gson.JsonParseException: java.io.EOFException: End of input at line 1 column 1 path $
	at net.minecraft.util.GsonHelper.fromJson(GsonHelper.java:505) ~[forge-1.18.2-40.2.17_mapped_official_1.18.2.jar%2380!/:?]
	at net.minecraft.util.GsonHelper.fromJson(GsonHelper.java:542) ~[forge-1.18.2-40.2.17_mapped_official_1.18.2.jar%2380!/:?]
	at net.minecraft.server.packs.resources.SimpleJsonResourceReloadListener.prepare(SimpleJsonResourceReloadListener.java:52) ~[forge-1.18.2-40.2.17_mapped_official_1.18.2.jar%2380!/:?]
	at net.minecraft.server.packs.resources.SimpleJsonResourceReloadListener.prepare(SimpleJsonResourceReloadListener.java:20) ~[forge-1.18.2-40.2.17_mapped_official_1.18.2.jar%2380!/:?]
	at net.minecraft.server.packs.resources.SimplePreparableReloadListener.lambda$reload$0(SimplePreparableReloadListener.java:11) ~[forge-1.18.2-40.2.17_mapped_official_1.18.2.jar%2380!/:?]
	at java.util.concurrent.CompletableFuture$AsyncSupply.run(CompletableFuture.java:1768) [?:?]
	at java.util.concurrent.CompletableFuture$AsyncSupply.exec(CompletableFuture.java:1760) [?:?]
	at java.util.concurrent.ForkJoinTask.doExec(ForkJoinTask.java:373) [?:?]
	at java.util.concurrent.ForkJoinPool$WorkQueue.topLevelExec(ForkJoinPool.java:1182) [?:?]
	at java.util.concurrent.ForkJoinPool.scan(ForkJoinPool.java:1655) [?:?]
	at java.util.concurrent.ForkJoinPool.runWorker(ForkJoinPool.java:1622) [?:?]
	at java.util.concurrent.ForkJoinWorkerThread.run(ForkJoinWorkerThread.java:165) [?:?]
Caused by: java.io.EOFException: End of input at line 1 column 1 path $
	at com.google.gson.stream.JsonReader.nextNonWhitespace(JsonReader.java:1395) ~[gson-2.8.9.jar%2344!/:?]
	at com.google.gson.stream.JsonReader.doPeek(JsonReader.java:548) ~[gson-2.8.9.jar%2344!/:?]
	at com.google.gson.stream.JsonReader.peek(JsonReader.java:424) ~[gson-2.8.9.jar%2344!/:?]
	at com.google.gson.internal.bind.TypeAdapters$27.read(TypeAdapters.java:661) ~[gson-2.8.9.jar%2344!/:?]
	at com.google.gson.internal.bind.TypeAdapters$27.read(TypeAdapters.java:655) ~[gson-2.8.9.jar%2344!/:?]
	at com.google.gson.internal.bind.TypeAdapters$33$1.read(TypeAdapters.java:866) ~[gson-2.8.9.jar%2344!/:?]
	at net.minecraft.util.GsonHelper.fromJson(GsonHelper.java:503) ~[forge-1.18.2-40.2.17_mapped_official_1.18.2.jar%2380!/:?]
	... 11 more
[065月2025 17:46:52.615] [Worker-Main-19/ERROR] [net.minecraft.server.packs.resources.SimpleJsonResourceReloadListener/]: Couldn't parse data file star:spearslash from star:skill_parameters/spearslash.json
com.google.gson.JsonParseException: java.io.EOFException: End of input at line 1 column 1 path $
	at net.minecraft.util.GsonHelper.fromJson(GsonHelper.java:505) ~[forge-1.18.2-40.2.17_mapped_official_1.18.2.jar%2380!/:?]
	at net.minecraft.util.GsonHelper.fromJson(GsonHelper.java:542) ~[forge-1.18.2-40.2.17_mapped_official_1.18.2.jar%2380!/:?]
	at net.minecraft.server.packs.resources.SimpleJsonResourceReloadListener.prepare(SimpleJsonResourceReloadListener.java:52) ~[forge-1.18.2-40.2.17_mapped_official_1.18.2.jar%2380!/:?]
	at net.minecraft.server.packs.resources.SimpleJsonResourceReloadListener.prepare(SimpleJsonResourceReloadListener.java:20) ~[forge-1.18.2-40.2.17_mapped_official_1.18.2.jar%2380!/:?]
	at net.minecraft.server.packs.resources.SimplePreparableReloadListener.lambda$reload$0(SimplePreparableReloadListener.java:11) ~[forge-1.18.2-40.2.17_mapped_official_1.18.2.jar%2380!/:?]
	at java.util.concurrent.CompletableFuture$AsyncSupply.run(CompletableFuture.java:1768) [?:?]
	at java.util.concurrent.CompletableFuture$AsyncSupply.exec(CompletableFuture.java:1760) [?:?]
	at java.util.concurrent.ForkJoinTask.doExec(ForkJoinTask.java:373) [?:?]
	at java.util.concurrent.ForkJoinPool$WorkQueue.topLevelExec(ForkJoinPool.java:1182) [?:?]
	at java.util.concurrent.ForkJoinPool.scan(ForkJoinPool.java:1655) [?:?]
	at java.util.concurrent.ForkJoinPool.runWorker(ForkJoinPool.java:1622) [?:?]
	at java.util.concurrent.ForkJoinWorkerThread.run(ForkJoinWorkerThread.java:165) [?:?]
Caused by: java.io.EOFException: End of input at line 1 column 1 path $
	at com.google.gson.stream.JsonReader.nextNonWhitespace(JsonReader.java:1395) ~[gson-2.8.9.jar%2344!/:?]
	at com.google.gson.stream.JsonReader.doPeek(JsonReader.java:548) ~[gson-2.8.9.jar%2344!/:?]
	at com.google.gson.stream.JsonReader.peek(JsonReader.java:424) ~[gson-2.8.9.jar%2344!/:?]
	at com.google.gson.internal.bind.TypeAdapters$27.read(TypeAdapters.java:661) ~[gson-2.8.9.jar%2344!/:?]
	at com.google.gson.internal.bind.TypeAdapters$27.read(TypeAdapters.java:655) ~[gson-2.8.9.jar%2344!/:?]
	at com.google.gson.internal.bind.TypeAdapters$33$1.read(TypeAdapters.java:866) ~[gson-2.8.9.jar%2344!/:?]
	at net.minecraft.util.GsonHelper.fromJson(GsonHelper.java:503) ~[forge-1.18.2-40.2.17_mapped_official_1.18.2.jar%2380!/:?]
	... 11 more
[065月2025 17:46:52.616] [Worker-Main-19/ERROR] [net.minecraft.server.packs.resources.SimpleJsonResourceReloadListener/]: Couldn't parse data file star:sword_slash from star:skill_parameters/sword_slash.json
com.google.gson.JsonParseException: java.io.EOFException: End of input at line 1 column 1 path $
	at net.minecraft.util.GsonHelper.fromJson(GsonHelper.java:505) ~[forge-1.18.2-40.2.17_mapped_official_1.18.2.jar%2380!/:?]
	at net.minecraft.util.GsonHelper.fromJson(GsonHelper.java:542) ~[forge-1.18.2-40.2.17_mapped_official_1.18.2.jar%2380!/:?]
	at net.minecraft.server.packs.resources.SimpleJsonResourceReloadListener.prepare(SimpleJsonResourceReloadListener.java:52) ~[forge-1.18.2-40.2.17_mapped_official_1.18.2.jar%2380!/:?]
	at net.minecraft.server.packs.resources.SimpleJsonResourceReloadListener.prepare(SimpleJsonResourceReloadListener.java:20) ~[forge-1.18.2-40.2.17_mapped_official_1.18.2.jar%2380!/:?]
	at net.minecraft.server.packs.resources.SimplePreparableReloadListener.lambda$reload$0(SimplePreparableReloadListener.java:11) ~[forge-1.18.2-40.2.17_mapped_official_1.18.2.jar%2380!/:?]
	at java.util.concurrent.CompletableFuture$AsyncSupply.run(CompletableFuture.java:1768) [?:?]
	at java.util.concurrent.CompletableFuture$AsyncSupply.exec(CompletableFuture.java:1760) [?:?]
	at java.util.concurrent.ForkJoinTask.doExec(ForkJoinTask.java:373) [?:?]
	at java.util.concurrent.ForkJoinPool$WorkQueue.topLevelExec(ForkJoinPool.java:1182) [?:?]
	at java.util.concurrent.ForkJoinPool.scan(ForkJoinPool.java:1655) [?:?]
	at java.util.concurrent.ForkJoinPool.runWorker(ForkJoinPool.java:1622) [?:?]
	at java.util.concurrent.ForkJoinWorkerThread.run(ForkJoinWorkerThread.java:165) [?:?]
Caused by: java.io.EOFException: End of input at line 1 column 1 path $
	at com.google.gson.stream.JsonReader.nextNonWhitespace(JsonReader.java:1395) ~[gson-2.8.9.jar%2344!/:?]
	at com.google.gson.stream.JsonReader.doPeek(JsonReader.java:548) ~[gson-2.8.9.jar%2344!/:?]
	at com.google.gson.stream.JsonReader.peek(JsonReader.java:424) ~[gson-2.8.9.jar%2344!/:?]
	at com.google.gson.internal.bind.TypeAdapters$27.read(TypeAdapters.java:661) ~[gson-2.8.9.jar%2344!/:?]
	at com.google.gson.internal.bind.TypeAdapters$27.read(TypeAdapters.java:655) ~[gson-2.8.9.jar%2344!/:?]
	at com.google.gson.internal.bind.TypeAdapters$33$1.read(TypeAdapters.java:866) ~[gson-2.8.9.jar%2344!/:?]
	at net.minecraft.util.GsonHelper.fromJson(GsonHelper.java:503) ~[forge-1.18.2-40.2.17_mapped_official_1.18.2.jar%2380!/:?]
	... 11 more
[065月2025 17:46:52.616] [Worker-Main-19/ERROR] [net.minecraft.server.packs.resources.SimpleJsonResourceReloadListener/]: Couldn't parse data file star:wind_slash from star:skill_parameters/wind_slash.json
com.google.gson.JsonParseException: java.io.EOFException: End of input at line 1 column 1 path $
	at net.minecraft.util.GsonHelper.fromJson(GsonHelper.java:505) ~[forge-1.18.2-40.2.17_mapped_official_1.18.2.jar%2380!/:?]
	at net.minecraft.util.GsonHelper.fromJson(GsonHelper.java:542) ~[forge-1.18.2-40.2.17_mapped_official_1.18.2.jar%2380!/:?]
	at net.minecraft.server.packs.resources.SimpleJsonResourceReloadListener.prepare(SimpleJsonResourceReloadListener.java:52) ~[forge-1.18.2-40.2.17_mapped_official_1.18.2.jar%2380!/:?]
	at net.minecraft.server.packs.resources.SimpleJsonResourceReloadListener.prepare(SimpleJsonResourceReloadListener.java:20) ~[forge-1.18.2-40.2.17_mapped_official_1.18.2.jar%2380!/:?]
	at net.minecraft.server.packs.resources.SimplePreparableReloadListener.lambda$reload$0(SimplePreparableReloadListener.java:11) ~[forge-1.18.2-40.2.17_mapped_official_1.18.2.jar%2380!/:?]
	at java.util.concurrent.CompletableFuture$AsyncSupply.run(CompletableFuture.java:1768) [?:?]
	at java.util.concurrent.CompletableFuture$AsyncSupply.exec(CompletableFuture.java:1760) [?:?]
	at java.util.concurrent.ForkJoinTask.doExec(ForkJoinTask.java:373) [?:?]
	at java.util.concurrent.ForkJoinPool$WorkQueue.topLevelExec(ForkJoinPool.java:1182) [?:?]
	at java.util.concurrent.ForkJoinPool.scan(ForkJoinPool.java:1655) [?:?]
	at java.util.concurrent.ForkJoinPool.runWorker(ForkJoinPool.java:1622) [?:?]
	at java.util.concurrent.ForkJoinWorkerThread.run(ForkJoinWorkerThread.java:165) [?:?]
Caused by: java.io.EOFException: End of input at line 1 column 1 path $
	at com.google.gson.stream.JsonReader.nextNonWhitespace(JsonReader.java:1395) ~[gson-2.8.9.jar%2344!/:?]
	at com.google.gson.stream.JsonReader.doPeek(JsonReader.java:548) ~[gson-2.8.9.jar%2344!/:?]
	at com.google.gson.stream.JsonReader.peek(JsonReader.java:424) ~[gson-2.8.9.jar%2344!/:?]
	at com.google.gson.internal.bind.TypeAdapters$27.read(TypeAdapters.java:661) ~[gson-2.8.9.jar%2344!/:?]
	at com.google.gson.internal.bind.TypeAdapters$27.read(TypeAdapters.java:655) ~[gson-2.8.9.jar%2344!/:?]
	at com.google.gson.internal.bind.TypeAdapters$33$1.read(TypeAdapters.java:866) ~[gson-2.8.9.jar%2344!/:?]
	at net.minecraft.util.GsonHelper.fromJson(GsonHelper.java:503) ~[forge-1.18.2-40.2.17_mapped_official_1.18.2.jar%2380!/:?]
	... 11 more
[065月2025 17:46:53.481] [Render thread/ERROR] [net.minecraft.world.item.crafting.RecipeManager/]: Parsing error loading recipe stellariscraft:evidencecraft
com.google.gson.JsonSyntaxException: Unknown item 'stellariscraft:deleted_mod_element'
	at net.minecraftforge.common.crafting.CraftingHelper.getItem(CraftingHelper.java:155) ~[forge-1.18.2-40.2.17_mapped_official_1.18.2.jar%2379%2386!/:?]
	at net.minecraftforge.common.crafting.CraftingHelper.getItemStack(CraftingHelper.java:181) ~[forge-1.18.2-40.2.17_mapped_official_1.18.2.jar%2379%2386!/:?]
	at net.minecraft.world.item.crafting.ShapedRecipe.itemStackFromJson(ShapedRecipe.java:270) ~[forge-1.18.2-40.2.17_mapped_official_1.18.2.jar%2380!/:?]
	at net.minecraft.world.item.crafting.ShapedRecipe$Serializer.fromJson(ShapedRecipe.java:294) ~[forge-1.18.2-40.2.17_mapped_official_1.18.2.jar%2380!/:?]
	at net.minecraft.world.item.crafting.ShapedRecipe$Serializer.fromJson(ShapedRecipe.java:285) ~[forge-1.18.2-40.2.17_mapped_official_1.18.2.jar%2380!/:?]
	at net.minecraftforge.common.extensions.IForgeRecipeSerializer.fromJson(IForgeRecipeSerializer.java:23) ~[forge-1.18.2-40.2.17_mapped_official_1.18.2.jar%2379%2386!/:?]
	at net.minecraft.world.item.crafting.RecipeManager.fromJson(RecipeManager.java:157) ~[forge-1.18.2-40.2.17_mapped_official_1.18.2.jar%2380!/:?]
	at net.minecraft.world.item.crafting.RecipeManager.apply(RecipeManager.java:67) ~[forge-1.18.2-40.2.17_mapped_official_1.18.2.jar%2380!/:?]
	at net.minecraft.world.item.crafting.RecipeManager.apply(RecipeManager.java:34) ~[forge-1.18.2-40.2.17_mapped_official_1.18.2.jar%2380!/:?]
	at net.minecraft.server.packs.resources.SimplePreparableReloadListener.lambda$reload$1(SimplePreparableReloadListener.java:13) ~[forge-1.18.2-40.2.17_mapped_official_1.18.2.jar%2380!/:?]
	at java.util.concurrent.CompletableFuture$UniAccept.tryFire(CompletableFuture.java:718) ~[?:?]
	at java.util.concurrent.CompletableFuture$Completion.run(CompletableFuture.java:482) ~[?:?]
	at net.minecraft.server.packs.resources.SimpleReloadInstance.lambda$new$3(SimpleReloadInstance.java:69) ~[forge-1.18.2-40.2.17_mapped_official_1.18.2.jar%2380!/:?]
	at net.minecraft.util.thread.BlockableEventLoop.doRunTask(BlockableEventLoop.java:157) ~[forge-1.18.2-40.2.17_mapped_official_1.18.2.jar%2380!/:?]
	at net.minecraft.util.thread.ReentrantBlockableEventLoop.doRunTask(ReentrantBlockableEventLoop.java:23) ~[forge-1.18.2-40.2.17_mapped_official_1.18.2.jar%2380!/:?]
	at net.minecraft.util.thread.BlockableEventLoop.pollTask(BlockableEventLoop.java:131) ~[forge-1.18.2-40.2.17_mapped_official_1.18.2.jar%2380!/:?]
	at net.minecraft.util.thread.BlockableEventLoop.managedBlock(BlockableEventLoop.java:140) ~[forge-1.18.2-40.2.17_mapped_official_1.18.2.jar%2380!/:?]
	at net.minecraft.client.Minecraft.makeWorldStem(Minecraft.java:2084) ~[forge-1.18.2-40.2.17_mapped_official_1.18.2.jar%2380!/:?]
	at net.minecraft.client.Minecraft.doLoadLevel(Minecraft.java:1911) ~[forge-1.18.2-40.2.17_mapped_official_1.18.2.jar%2380!/:?]
	at net.minecraft.client.Minecraft.lambda$doLoadLevel$43(Minecraft.java:2005) ~[forge-1.18.2-40.2.17_mapped_official_1.18.2.jar%2380!/:?]
	at net.minecraftforge.client.ForgeHooksClient.lambda$createWorldConfirmationScreen$25(ForgeHooksClient.java:1138) ~[forge-1.18.2-40.2.17_mapped_official_1.18.2.jar%2379%2386!/:?]
	at net.minecraft.client.gui.screens.ConfirmScreen.lambda$addButtons$0(ConfirmScreen.java:56) ~[forge-1.18.2-40.2.17_mapped_official_1.18.2.jar%2380!/:?]
	at net.minecraft.client.gui.components.Button.onPress(Button.java:40) ~[forge-1.18.2-40.2.17_mapped_official_1.18.2.jar%2380!/:?]
	at com.legacy.structure_gel.core.events.SGClientEvents$ForgeBus.skipExperimentalBackupScreen(SGClientEvents.java:134) ~[structure_gel-1.18.2-2.4.7-1.18.2-2.4.7_mapped_official_1.18.2.jar%23100!/:2.4.7]
	at net.minecraftforge.eventbus.ASMEventHandler_368_ForgeBus_skipExperimentalBackupScreen_Post.invoke(.dynamic) ~[?:?]
	at net.minecraftforge.eventbus.ASMEventHandler.invoke(ASMEventHandler.java:85) ~[eventbus-5.0.7.jar%2311!/:?]
	at net.minecraftforge.eventbus.EventBus.post(EventBus.java:302) ~[eventbus-5.0.7.jar%2311!/:?]
	at net.minecraftforge.eventbus.EventBus.post(EventBus.java:283) ~[eventbus-5.0.7.jar%2311!/:?]
	at net.minecraftforge.client.ForgeHooksClient.drawScreenInternal(ForgeHooksClient.java:404) ~[forge-1.18.2-40.2.17_mapped_official_1.18.2.jar%2379%2386!/:?]
	at net.minecraftforge.client.ForgeHooksClient.drawScreen(ForgeHooksClient.java:396) ~[forge-1.18.2-40.2.17_mapped_official_1.18.2.jar%2379%2386!/:?]
	at net.minecraft.client.renderer.GameRenderer.render(GameRenderer.java:890) ~[forge-1.18.2-40.2.17_mapped_official_1.18.2.jar%2380!/:?]
	at net.minecraft.client.Minecraft.runTick(Minecraft.java:1046) ~[forge-1.18.2-40.2.17_mapped_official_1.18.2.jar%2380!/:?]
	at net.minecraft.client.Minecraft.run(Minecraft.java:665) ~[forge-1.18.2-40.2.17_mapped_official_1.18.2.jar%2380!/:?]
	at net.minecraft.client.main.Main.main(Main.java:205) ~[forge-1.18.2-40.2.17_mapped_official_1.18.2.jar%2380!/:?]
	at jdk.internal.reflect.NativeMethodAccessorImpl.invoke0(Native Method) ~[?:?]
	at jdk.internal.reflect.NativeMethodAccessorImpl.invoke(NativeMethodAccessorImpl.java:77) ~[?:?]
	at jdk.internal.reflect.DelegatingMethodAccessorImpl.invoke(DelegatingMethodAccessorImpl.java:43) ~[?:?]
	at java.lang.reflect.Method.invoke(Method.java:568) ~[?:?]
	at net.minecraftforge.fml.loading.targets.ForgeClientUserdevLaunchHandler.lambda$launchService$0(ForgeClientUserdevLaunchHandler.java:24) ~[fmlloader-1.18.2-40.2.17.jar%230!/:?]
	at cpw.mods.modlauncher.LaunchServiceHandlerDecorator.launch(LaunchServiceHandlerDecorator.java:37) [modlauncher-9.1.3.jar%2312!/:?]
	at cpw.mods.modlauncher.LaunchServiceHandler.launch(LaunchServiceHandler.java:53) [modlauncher-9.1.3.jar%2312!/:?]
	at cpw.mods.modlauncher.LaunchServiceHandler.launch(LaunchServiceHandler.java:71) [modlauncher-9.1.3.jar%2312!/:?]
	at cpw.mods.modlauncher.Launcher.run(Launcher.java:106) [modlauncher-9.1.3.jar%2312!/:?]
	at cpw.mods.modlauncher.Launcher.main(Launcher.java:77) [modlauncher-9.1.3.jar%2312!/:?]
	at cpw.mods.modlauncher.BootstrapLaunchConsumer.accept(BootstrapLaunchConsumer.java:26) [modlauncher-9.1.3.jar%2312!/:?]
	at cpw.mods.modlauncher.BootstrapLaunchConsumer.accept(BootstrapLaunchConsumer.java:23) [modlauncher-9.1.3.jar%2312!/:?]
	at cpw.mods.bootstraplauncher.BootstrapLauncher.main(BootstrapLauncher.java:149) [bootstraplauncher-1.0.0.jar:?]
[065月2025 17:46:53.488] [Render thread/INFO] [net.minecraft.world.item.crafting.RecipeManager/]: Loaded 7 recipes
[065月2025 17:46:53.678] [Render thread/ERROR] [net.minecraft.world.level.storage.loot.LootTables/]: Couldn't parse loot table irons_spellbooks:magic_items/basic_curios
com.google.gson.JsonSyntaxException: Unknown type 'irons_spellbooks:randomize_ring_enhancement'
	at net.minecraft.world.level.storage.loot.GsonAdapterFactory$JsonAdapter.deserialize(GsonAdapterFactory.java:99) ~[forge-1.18.2-40.2.17_mapped_official_1.18.2.jar%2380!/:?]
	at com.google.gson.internal.bind.TreeTypeAdapter.read(TreeTypeAdapter.java:69) ~[gson-2.8.9.jar%2344!/:?]
	at com.google.gson.internal.bind.TypeAdapterRuntimeTypeWrapper.read(TypeAdapterRuntimeTypeWrapper.java:41) ~[gson-2.8.9.jar%2344!/:?]
	at com.google.gson.internal.bind.ArrayTypeAdapter.read(ArrayTypeAdapter.java:72) ~[gson-2.8.9.jar%2344!/:?]
	at com.google.gson.Gson.fromJson(Gson.java:963) ~[gson-2.8.9.jar%2344!/:?]
	at com.google.gson.Gson.fromJson(Gson.java:1034) ~[gson-2.8.9.jar%2344!/:?]
	at com.google.gson.internal.bind.TreeTypeAdapter$GsonContextImpl.deserialize(TreeTypeAdapter.java:162) ~[gson-2.8.9.jar%2344!/:?]
	at net.minecraft.util.GsonHelper.convertToObject(GsonHelper.java:448) ~[forge-1.18.2-40.2.17_mapped_official_1.18.2.jar%2380!/:?]
	at net.minecraft.util.GsonHelper.getAsObject(GsonHelper.java:466) ~[forge-1.18.2-40.2.17_mapped_official_1.18.2.jar%2380!/:?]
	at net.minecraft.world.level.storage.loot.entries.LootPoolSingletonContainer$Serializer.deserializeCustom(LootPoolSingletonContainer.java:149) ~[forge-1.18.2-40.2.17_mapped_official_1.18.2.jar%2380!/:?]
	at net.minecraft.world.level.storage.loot.entries.LootPoolSingletonContainer$Serializer.deserializeCustom(LootPoolSingletonContainer.java:129) ~[forge-1.18.2-40.2.17_mapped_official_1.18.2.jar%2380!/:?]
	at net.minecraft.world.level.storage.loot.entries.LootPoolEntryContainer$Serializer.deserialize(LootPoolEntryContainer.java:86) ~[forge-1.18.2-40.2.17_mapped_official_1.18.2.jar%2380!/:?]
	at net.minecraft.world.level.storage.loot.entries.LootPoolEntryContainer$Serializer.deserialize(LootPoolEntryContainer.java:74) ~[forge-1.18.2-40.2.17_mapped_official_1.18.2.jar%2380!/:?]
	at net.minecraft.world.level.storage.loot.GsonAdapterFactory$JsonAdapter.deserialize(GsonAdapterFactory.java:102) ~[forge-1.18.2-40.2.17_mapped_official_1.18.2.jar%2380!/:?]
	at com.google.gson.internal.bind.TreeTypeAdapter.read(TreeTypeAdapter.java:69) ~[gson-2.8.9.jar%2344!/:?]
	at com.google.gson.internal.bind.TypeAdapterRuntimeTypeWrapper.read(TypeAdapterRuntimeTypeWrapper.java:41) ~[gson-2.8.9.jar%2344!/:?]
	at com.google.gson.internal.bind.ArrayTypeAdapter.read(ArrayTypeAdapter.java:72) ~[gson-2.8.9.jar%2344!/:?]
	at com.google.gson.Gson.fromJson(Gson.java:963) ~[gson-2.8.9.jar%2344!/:?]
	at com.google.gson.Gson.fromJson(Gson.java:1034) ~[gson-2.8.9.jar%2344!/:?]
	at com.google.gson.internal.bind.TreeTypeAdapter$GsonContextImpl.deserialize(TreeTypeAdapter.java:162) ~[gson-2.8.9.jar%2344!/:?]
	at net.minecraft.util.GsonHelper.convertToObject(GsonHelper.java:448) ~[forge-1.18.2-40.2.17_mapped_official_1.18.2.jar%2380!/:?]
	at net.minecraft.util.GsonHelper.getAsObject(GsonHelper.java:456) ~[forge-1.18.2-40.2.17_mapped_official_1.18.2.jar%2380!/:?]
	at net.minecraft.world.level.storage.loot.LootPool$Serializer.deserialize(LootPool.java:190) ~[forge-1.18.2-40.2.17_mapped_official_1.18.2.jar%2380!/:?]
	at net.minecraft.world.level.storage.loot.LootPool$Serializer.deserialize(LootPool.java:187) ~[forge-1.18.2-40.2.17_mapped_official_1.18.2.jar%2380!/:?]
	at com.google.gson.internal.bind.TreeTypeAdapter.read(TreeTypeAdapter.java:69) ~[gson-2.8.9.jar%2344!/:?]
	at com.google.gson.internal.bind.TypeAdapterRuntimeTypeWrapper.read(TypeAdapterRuntimeTypeWrapper.java:41) ~[gson-2.8.9.jar%2344!/:?]
	at com.google.gson.internal.bind.ArrayTypeAdapter.read(ArrayTypeAdapter.java:72) ~[gson-2.8.9.jar%2344!/:?]
	at com.google.gson.Gson.fromJson(Gson.java:963) ~[gson-2.8.9.jar%2344!/:?]
	at com.google.gson.Gson.fromJson(Gson.java:1034) ~[gson-2.8.9.jar%2344!/:?]
	at com.google.gson.internal.bind.TreeTypeAdapter$GsonContextImpl.deserialize(TreeTypeAdapter.java:162) ~[gson-2.8.9.jar%2344!/:?]
	at net.minecraft.util.GsonHelper.convertToObject(GsonHelper.java:448) ~[forge-1.18.2-40.2.17_mapped_official_1.18.2.jar%2380!/:?]
	at net.minecraft.util.GsonHelper.getAsObject(GsonHelper.java:466) ~[forge-1.18.2-40.2.17_mapped_official_1.18.2.jar%2380!/:?]
	at net.minecraft.world.level.storage.loot.LootTable$Serializer.deserialize(LootTable.java:255) ~[forge-1.18.2-40.2.17_mapped_official_1.18.2.jar%2380!/:?]
	at net.minecraft.world.level.storage.loot.LootTable$Serializer.deserialize(LootTable.java:252) ~[forge-1.18.2-40.2.17_mapped_official_1.18.2.jar%2380!/:?]
	at com.google.gson.internal.bind.TreeTypeAdapter.read(TreeTypeAdapter.java:69) ~[gson-2.8.9.jar%2344!/:?]
	at com.google.gson.Gson.fromJson(Gson.java:963) ~[gson-2.8.9.jar%2344!/:?]
	at com.google.gson.Gson.fromJson(Gson.java:1034) ~[gson-2.8.9.jar%2344!/:?]
	at com.google.gson.Gson.fromJson(Gson.java:1006) ~[gson-2.8.9.jar%2344!/:?]
	at net.minecraftforge.common.ForgeHooks.loadLootTable(ForgeHooks.java:888) ~[forge-1.18.2-40.2.17_mapped_official_1.18.2.jar%2379%2386!/:?]
	at net.minecraft.world.level.storage.loot.LootTables.lambda$apply$0(LootTables.java:41) ~[forge-1.18.2-40.2.17_mapped_official_1.18.2.jar%2380!/:?]
	at java.util.HashMap.forEach(HashMap.java:1421) ~[?:?]
	at net.minecraft.world.level.storage.loot.LootTables.apply(LootTables.java:39) ~[forge-1.18.2-40.2.17_mapped_official_1.18.2.jar%2380!/:?]
	at net.minecraft.world.level.storage.loot.LootTables.apply(LootTables.java:17) ~[forge-1.18.2-40.2.17_mapped_official_1.18.2.jar%2380!/:?]
	at net.minecraft.server.packs.resources.SimplePreparableReloadListener.lambda$reload$1(SimplePreparableReloadListener.java:13) ~[forge-1.18.2-40.2.17_mapped_official_1.18.2.jar%2380!/:?]
	at java.util.concurrent.CompletableFuture$UniAccept.tryFire(CompletableFuture.java:718) ~[?:?]
	at java.util.concurrent.CompletableFuture$Completion.run(CompletableFuture.java:482) ~[?:?]
	at net.minecraft.server.packs.resources.SimpleReloadInstance.lambda$new$3(SimpleReloadInstance.java:69) ~[forge-1.18.2-40.2.17_mapped_official_1.18.2.jar%2380!/:?]
	at net.minecraft.util.thread.BlockableEventLoop.doRunTask(BlockableEventLoop.java:157) ~[forge-1.18.2-40.2.17_mapped_official_1.18.2.jar%2380!/:?]
	at net.minecraft.util.thread.ReentrantBlockableEventLoop.doRunTask(ReentrantBlockableEventLoop.java:23) ~[forge-1.18.2-40.2.17_mapped_official_1.18.2.jar%2380!/:?]
	at net.minecraft.util.thread.BlockableEventLoop.pollTask(BlockableEventLoop.java:131) ~[forge-1.18.2-40.2.17_mapped_official_1.18.2.jar%2380!/:?]
	at net.minecraft.util.thread.BlockableEventLoop.managedBlock(BlockableEventLoop.java:140) ~[forge-1.18.2-40.2.17_mapped_official_1.18.2.jar%2380!/:?]
	at net.minecraft.client.Minecraft.makeWorldStem(Minecraft.java:2084) ~[forge-1.18.2-40.2.17_mapped_official_1.18.2.jar%2380!/:?]
	at net.minecraft.client.Minecraft.doLoadLevel(Minecraft.java:1911) ~[forge-1.18.2-40.2.17_mapped_official_1.18.2.jar%2380!/:?]
	at net.minecraft.client.Minecraft.lambda$doLoadLevel$43(Minecraft.java:2005) ~[forge-1.18.2-40.2.17_mapped_official_1.18.2.jar%2380!/:?]
	at net.minecraftforge.client.ForgeHooksClient.lambda$createWorldConfirmationScreen$25(ForgeHooksClient.java:1138) ~[forge-1.18.2-40.2.17_mapped_official_1.18.2.jar%2379%2386!/:?]
	at net.minecraft.client.gui.screens.ConfirmScreen.lambda$addButtons$0(ConfirmScreen.java:56) ~[forge-1.18.2-40.2.17_mapped_official_1.18.2.jar%2380!/:?]
	at net.minecraft.client.gui.components.Button.onPress(Button.java:40) ~[forge-1.18.2-40.2.17_mapped_official_1.18.2.jar%2380!/:?]
	at com.legacy.structure_gel.core.events.SGClientEvents$ForgeBus.skipExperimentalBackupScreen(SGClientEvents.java:134) ~[structure_gel-1.18.2-2.4.7-1.18.2-2.4.7_mapped_official_1.18.2.jar%23100!/:2.4.7]
	at net.minecraftforge.eventbus.ASMEventHandler_368_ForgeBus_skipExperimentalBackupScreen_Post.invoke(.dynamic) ~[?:?]
	at net.minecraftforge.eventbus.ASMEventHandler.invoke(ASMEventHandler.java:85) ~[eventbus-5.0.7.jar%2311!/:?]
	at net.minecraftforge.eventbus.EventBus.post(EventBus.java:302) ~[eventbus-5.0.7.jar%2311!/:?]
	at net.minecraftforge.eventbus.EventBus.post(EventBus.java:283) ~[eventbus-5.0.7.jar%2311!/:?]
	at net.minecraftforge.client.ForgeHooksClient.drawScreenInternal(ForgeHooksClient.java:404) ~[forge-1.18.2-40.2.17_mapped_official_1.18.2.jar%2379%2386!/:?]
	at net.minecraftforge.client.ForgeHooksClient.drawScreen(ForgeHooksClient.java:396) ~[forge-1.18.2-40.2.17_mapped_official_1.18.2.jar%2379%2386!/:?]
	at net.minecraft.client.renderer.GameRenderer.render(GameRenderer.java:890) ~[forge-1.18.2-40.2.17_mapped_official_1.18.2.jar%2380!/:?]
	at net.minecraft.client.Minecraft.runTick(Minecraft.java:1046) ~[forge-1.18.2-40.2.17_mapped_official_1.18.2.jar%2380!/:?]
	at net.minecraft.client.Minecraft.run(Minecraft.java:665) ~[forge-1.18.2-40.2.17_mapped_official_1.18.2.jar%2380!/:?]
	at net.minecraft.client.main.Main.main(Main.java:205) ~[forge-1.18.2-40.2.17_mapped_official_1.18.2.jar%2380!/:?]
	at jdk.internal.reflect.NativeMethodAccessorImpl.invoke0(Native Method) ~[?:?]
	at jdk.internal.reflect.NativeMethodAccessorImpl.invoke(NativeMethodAccessorImpl.java:77) ~[?:?]
	at jdk.internal.reflect.DelegatingMethodAccessorImpl.invoke(DelegatingMethodAccessorImpl.java:43) ~[?:?]
	at java.lang.reflect.Method.invoke(Method.java:568) ~[?:?]
	at net.minecraftforge.fml.loading.targets.ForgeClientUserdevLaunchHandler.lambda$launchService$0(ForgeClientUserdevLaunchHandler.java:24) ~[fmlloader-1.18.2-40.2.17.jar%230!/:?]
	at cpw.mods.modlauncher.LaunchServiceHandlerDecorator.launch(LaunchServiceHandlerDecorator.java:37) [modlauncher-9.1.3.jar%2312!/:?]
	at cpw.mods.modlauncher.LaunchServiceHandler.launch(LaunchServiceHandler.java:53) [modlauncher-9.1.3.jar%2312!/:?]
	at cpw.mods.modlauncher.LaunchServiceHandler.launch(LaunchServiceHandler.java:71) [modlauncher-9.1.3.jar%2312!/:?]
	at cpw.mods.modlauncher.Launcher.run(Launcher.java:106) [modlauncher-9.1.3.jar%2312!/:?]
	at cpw.mods.modlauncher.Launcher.main(Launcher.java:77) [modlauncher-9.1.3.jar%2312!/:?]
	at cpw.mods.modlauncher.BootstrapLaunchConsumer.accept(BootstrapLaunchConsumer.java:26) [modlauncher-9.1.3.jar%2312!/:?]
	at cpw.mods.modlauncher.BootstrapLaunchConsumer.accept(BootstrapLaunchConsumer.java:23) [modlauncher-9.1.3.jar%2312!/:?]
	at cpw.mods.bootstraplauncher.BootstrapLauncher.main(BootstrapLauncher.java:149) [bootstraplauncher-1.0.0.jar:?]
[065月2025 17:46:53.689] [Render thread/ERROR] [net.minecraft.world.level.storage.loot.LootTables/]: Couldn't parse loot table irons_spellbooks:chests/additional_ancient_city_loot
com.google.gson.JsonSyntaxException: Expected name to be an item, was unknown string 'irons_spellbooks:ruined_book'
	at net.minecraft.util.GsonHelper.lambda$convertToItem$0(GsonHelper.java:130) ~[forge-1.18.2-40.2.17_mapped_official_1.18.2.jar%2380!/:?]
	at java.util.Optional.orElseThrow(Optional.java:403) ~[?:?]
	at net.minecraft.util.GsonHelper.convertToItem(GsonHelper.java:130) ~[forge-1.18.2-40.2.17_mapped_official_1.18.2.jar%2380!/:?]
	at net.minecraft.util.GsonHelper.getAsItem(GsonHelper.java:138) ~[forge-1.18.2-40.2.17_mapped_official_1.18.2.jar%2380!/:?]
	at net.minecraft.world.level.storage.loot.entries.LootItem$Serializer.deserialize(LootItem.java:55) ~[forge-1.18.2-40.2.17_mapped_official_1.18.2.jar%2380!/:?]
	at net.minecraft.world.level.storage.loot.entries.LootItem$Serializer.deserialize(LootItem.java:40) ~[forge-1.18.2-40.2.17_mapped_official_1.18.2.jar%2380!/:?]
	at net.minecraft.world.level.storage.loot.entries.LootPoolSingletonContainer$Serializer.deserializeCustom(LootPoolSingletonContainer.java:151) ~[forge-1.18.2-40.2.17_mapped_official_1.18.2.jar%2380!/:?]
	at net.minecraft.world.level.storage.loot.entries.LootPoolSingletonContainer$Serializer.deserializeCustom(LootPoolSingletonContainer.java:129) ~[forge-1.18.2-40.2.17_mapped_official_1.18.2.jar%2380!/:?]
	at net.minecraft.world.level.storage.loot.entries.LootPoolEntryContainer$Serializer.deserialize(LootPoolEntryContainer.java:86) ~[forge-1.18.2-40.2.17_mapped_official_1.18.2.jar%2380!/:?]
	at net.minecraft.world.level.storage.loot.entries.LootPoolEntryContainer$Serializer.deserialize(LootPoolEntryContainer.java:74) ~[forge-1.18.2-40.2.17_mapped_official_1.18.2.jar%2380!/:?]
	at net.minecraft.world.level.storage.loot.GsonAdapterFactory$JsonAdapter.deserialize(GsonAdapterFactory.java:102) ~[forge-1.18.2-40.2.17_mapped_official_1.18.2.jar%2380!/:?]
	at com.google.gson.internal.bind.TreeTypeAdapter.read(TreeTypeAdapter.java:69) ~[gson-2.8.9.jar%2344!/:?]
	at com.google.gson.internal.bind.TypeAdapterRuntimeTypeWrapper.read(TypeAdapterRuntimeTypeWrapper.java:41) ~[gson-2.8.9.jar%2344!/:?]
	at com.google.gson.internal.bind.ArrayTypeAdapter.read(ArrayTypeAdapter.java:72) ~[gson-2.8.9.jar%2344!/:?]
	at com.google.gson.Gson.fromJson(Gson.java:963) ~[gson-2.8.9.jar%2344!/:?]
	at com.google.gson.Gson.fromJson(Gson.java:1034) ~[gson-2.8.9.jar%2344!/:?]
	at com.google.gson.internal.bind.TreeTypeAdapter$GsonContextImpl.deserialize(TreeTypeAdapter.java:162) ~[gson-2.8.9.jar%2344!/:?]
	at net.minecraft.util.GsonHelper.convertToObject(GsonHelper.java:448) ~[forge-1.18.2-40.2.17_mapped_official_1.18.2.jar%2380!/:?]
	at net.minecraft.util.GsonHelper.getAsObject(GsonHelper.java:456) ~[forge-1.18.2-40.2.17_mapped_official_1.18.2.jar%2380!/:?]
	at net.minecraft.world.level.storage.loot.LootPool$Serializer.deserialize(LootPool.java:190) ~[forge-1.18.2-40.2.17_mapped_official_1.18.2.jar%2380!/:?]
	at net.minecraft.world.level.storage.loot.LootPool$Serializer.deserialize(LootPool.java:187) ~[forge-1.18.2-40.2.17_mapped_official_1.18.2.jar%2380!/:?]
	at com.google.gson.internal.bind.TreeTypeAdapter.read(TreeTypeAdapter.java:69) ~[gson-2.8.9.jar%2344!/:?]
	at com.google.gson.internal.bind.TypeAdapterRuntimeTypeWrapper.read(TypeAdapterRuntimeTypeWrapper.java:41) ~[gson-2.8.9.jar%2344!/:?]
	at com.google.gson.internal.bind.ArrayTypeAdapter.read(ArrayTypeAdapter.java:72) ~[gson-2.8.9.jar%2344!/:?]
	at com.google.gson.Gson.fromJson(Gson.java:963) ~[gson-2.8.9.jar%2344!/:?]
	at com.google.gson.Gson.fromJson(Gson.java:1034) ~[gson-2.8.9.jar%2344!/:?]
	at com.google.gson.internal.bind.TreeTypeAdapter$GsonContextImpl.deserialize(TreeTypeAdapter.java:162) ~[gson-2.8.9.jar%2344!/:?]
	at net.minecraft.util.GsonHelper.convertToObject(GsonHelper.java:448) ~[forge-1.18.2-40.2.17_mapped_official_1.18.2.jar%2380!/:?]
	at net.minecraft.util.GsonHelper.getAsObject(GsonHelper.java:466) ~[forge-1.18.2-40.2.17_mapped_official_1.18.2.jar%2380!/:?]
	at net.minecraft.world.level.storage.loot.LootTable$Serializer.deserialize(LootTable.java:255) ~[forge-1.18.2-40.2.17_mapped_official_1.18.2.jar%2380!/:?]
	at net.minecraft.world.level.storage.loot.LootTable$Serializer.deserialize(LootTable.java:252) ~[forge-1.18.2-40.2.17_mapped_official_1.18.2.jar%2380!/:?]
	at com.google.gson.internal.bind.TreeTypeAdapter.read(TreeTypeAdapter.java:69) ~[gson-2.8.9.jar%2344!/:?]
	at com.google.gson.Gson.fromJson(Gson.java:963) ~[gson-2.8.9.jar%2344!/:?]
	at com.google.gson.Gson.fromJson(Gson.java:1034) ~[gson-2.8.9.jar%2344!/:?]
	at com.google.gson.Gson.fromJson(Gson.java:1006) ~[gson-2.8.9.jar%2344!/:?]
	at net.minecraftforge.common.ForgeHooks.loadLootTable(ForgeHooks.java:888) ~[forge-1.18.2-40.2.17_mapped_official_1.18.2.jar%2379%2386!/:?]
	at net.minecraft.world.level.storage.loot.LootTables.lambda$apply$0(LootTables.java:41) ~[forge-1.18.2-40.2.17_mapped_official_1.18.2.jar%2380!/:?]
	at java.util.HashMap.forEach(HashMap.java:1421) ~[?:?]
	at net.minecraft.world.level.storage.loot.LootTables.apply(LootTables.java:39) ~[forge-1.18.2-40.2.17_mapped_official_1.18.2.jar%2380!/:?]
	at net.minecraft.world.level.storage.loot.LootTables.apply(LootTables.java:17) ~[forge-1.18.2-40.2.17_mapped_official_1.18.2.jar%2380!/:?]
	at net.minecraft.server.packs.resources.SimplePreparableReloadListener.lambda$reload$1(SimplePreparableReloadListener.java:13) ~[forge-1.18.2-40.2.17_mapped_official_1.18.2.jar%2380!/:?]
	at java.util.concurrent.CompletableFuture$UniAccept.tryFire(CompletableFuture.java:718) ~[?:?]
	at java.util.concurrent.CompletableFuture$Completion.run(CompletableFuture.java:482) ~[?:?]
	at net.minecraft.server.packs.resources.SimpleReloadInstance.lambda$new$3(SimpleReloadInstance.java:69) ~[forge-1.18.2-40.2.17_mapped_official_1.18.2.jar%2380!/:?]
	at net.minecraft.util.thread.BlockableEventLoop.doRunTask(BlockableEventLoop.java:157) ~[forge-1.18.2-40.2.17_mapped_official_1.18.2.jar%2380!/:?]
	at net.minecraft.util.thread.ReentrantBlockableEventLoop.doRunTask(ReentrantBlockableEventLoop.java:23) ~[forge-1.18.2-40.2.17_mapped_official_1.18.2.jar%2380!/:?]
	at net.minecraft.util.thread.BlockableEventLoop.pollTask(BlockableEventLoop.java:131) ~[forge-1.18.2-40.2.17_mapped_official_1.18.2.jar%2380!/:?]
	at net.minecraft.util.thread.BlockableEventLoop.managedBlock(BlockableEventLoop.java:140) ~[forge-1.18.2-40.2.17_mapped_official_1.18.2.jar%2380!/:?]
	at net.minecraft.client.Minecraft.makeWorldStem(Minecraft.java:2084) ~[forge-1.18.2-40.2.17_mapped_official_1.18.2.jar%2380!/:?]
	at net.minecraft.client.Minecraft.doLoadLevel(Minecraft.java:1911) ~[forge-1.18.2-40.2.17_mapped_official_1.18.2.jar%2380!/:?]
	at net.minecraft.client.Minecraft.lambda$doLoadLevel$43(Minecraft.java:2005) ~[forge-1.18.2-40.2.17_mapped_official_1.18.2.jar%2380!/:?]
	at net.minecraftforge.client.ForgeHooksClient.lambda$createWorldConfirmationScreen$25(ForgeHooksClient.java:1138) ~[forge-1.18.2-40.2.17_mapped_official_1.18.2.jar%2379%2386!/:?]
	at net.minecraft.client.gui.screens.ConfirmScreen.lambda$addButtons$0(ConfirmScreen.java:56) ~[forge-1.18.2-40.2.17_mapped_official_1.18.2.jar%2380!/:?]
	at net.minecraft.client.gui.components.Button.onPress(Button.java:40) ~[forge-1.18.2-40.2.17_mapped_official_1.18.2.jar%2380!/:?]
	at com.legacy.structure_gel.core.events.SGClientEvents$ForgeBus.skipExperimentalBackupScreen(SGClientEvents.java:134) ~[structure_gel-1.18.2-2.4.7-1.18.2-2.4.7_mapped_official_1.18.2.jar%23100!/:2.4.7]
	at net.minecraftforge.eventbus.ASMEventHandler_368_ForgeBus_skipExperimentalBackupScreen_Post.invoke(.dynamic) ~[?:?]
	at net.minecraftforge.eventbus.ASMEventHandler.invoke(ASMEventHandler.java:85) ~[eventbus-5.0.7.jar%2311!/:?]
	at net.minecraftforge.eventbus.EventBus.post(EventBus.java:302) ~[eventbus-5.0.7.jar%2311!/:?]
	at net.minecraftforge.eventbus.EventBus.post(EventBus.java:283) ~[eventbus-5.0.7.jar%2311!/:?]
	at net.minecraftforge.client.ForgeHooksClient.drawScreenInternal(ForgeHooksClient.java:404) ~[forge-1.18.2-40.2.17_mapped_official_1.18.2.jar%2379%2386!/:?]
	at net.minecraftforge.client.ForgeHooksClient.drawScreen(ForgeHooksClient.java:396) ~[forge-1.18.2-40.2.17_mapped_official_1.18.2.jar%2379%2386!/:?]
	at net.minecraft.client.renderer.GameRenderer.render(GameRenderer.java:890) ~[forge-1.18.2-40.2.17_mapped_official_1.18.2.jar%2380!/:?]
	at net.minecraft.client.Minecraft.runTick(Minecraft.java:1046) ~[forge-1.18.2-40.2.17_mapped_official_1.18.2.jar%2380!/:?]
	at net.minecraft.client.Minecraft.run(Minecraft.java:665) ~[forge-1.18.2-40.2.17_mapped_official_1.18.2.jar%2380!/:?]
	at net.minecraft.client.main.Main.main(Main.java:205) ~[forge-1.18.2-40.2.17_mapped_official_1.18.2.jar%2380!/:?]
	at jdk.internal.reflect.NativeMethodAccessorImpl.invoke0(Native Method) ~[?:?]
	at jdk.internal.reflect.NativeMethodAccessorImpl.invoke(NativeMethodAccessorImpl.java:77) ~[?:?]
	at jdk.internal.reflect.DelegatingMethodAccessorImpl.invoke(DelegatingMethodAccessorImpl.java:43) ~[?:?]
	at java.lang.reflect.Method.invoke(Method.java:568) ~[?:?]
	at net.minecraftforge.fml.loading.targets.ForgeClientUserdevLaunchHandler.lambda$launchService$0(ForgeClientUserdevLaunchHandler.java:24) ~[fmlloader-1.18.2-40.2.17.jar%230!/:?]
	at cpw.mods.modlauncher.LaunchServiceHandlerDecorator.launch(LaunchServiceHandlerDecorator.java:37) [modlauncher-9.1.3.jar%2312!/:?]
	at cpw.mods.modlauncher.LaunchServiceHandler.launch(LaunchServiceHandler.java:53) [modlauncher-9.1.3.jar%2312!/:?]
	at cpw.mods.modlauncher.LaunchServiceHandler.launch(LaunchServiceHandler.java:71) [modlauncher-9.1.3.jar%2312!/:?]
	at cpw.mods.modlauncher.Launcher.run(Launcher.java:106) [modlauncher-9.1.3.jar%2312!/:?]
	at cpw.mods.modlauncher.Launcher.main(Launcher.java:77) [modlauncher-9.1.3.jar%2312!/:?]
	at cpw.mods.modlauncher.BootstrapLaunchConsumer.accept(BootstrapLaunchConsumer.java:26) [modlauncher-9.1.3.jar%2312!/:?]
	at cpw.mods.modlauncher.BootstrapLaunchConsumer.accept(BootstrapLaunchConsumer.java:23) [modlauncher-9.1.3.jar%2312!/:?]
	at cpw.mods.bootstraplauncher.BootstrapLauncher.main(BootstrapLauncher.java:149) [bootstraplauncher-1.0.0.jar:?]
[065月2025 17:46:54.097] [Render thread/WARN] [net.minecraft.world.level.storage.loot.LootTables/]: Found validation problem in {irons_spellbooks:chests/catacombs/wall_loot}.pools[1].entries[2]: Unknown loot table called irons_spellbooks:magic_items/basic_curios
[065月2025 17:46:54.098] [Render thread/WARN] [net.minecraft.world.level.storage.loot.LootTables/]: Found validation problem in {irons_spellbooks:chests/additional_nether_loot}.pools[1].entries[0]: Unknown loot table called irons_spellbooks:magic_items/basic_curios
[065月2025 17:46:54.098] [Render thread/WARN] [net.minecraft.world.level.storage.loot.LootTables/]: Found validation problem in {irons_spellbooks:chests/evoker_fort}.pools[3].entries[0]: Unknown loot table called irons_spellbooks:magic_items/basic_curios
[065月2025 17:46:54.098] [Render thread/WARN] [net.minecraft.world.level.storage.loot.LootTables/]: Found validation problem in {irons_spellbooks:chests/catacombs/crypt_loot}.pools[0].entries[0]: Unknown loot table called irons_spellbooks:magic_items/basic_curios
[065月2025 17:46:54.098] [Render thread/WARN] [net.minecraft.world.level.storage.loot.LootTables/]: Found validation problem in {irons_spellbooks:chests/generic_magic_treasure}.pools[4].entries[0]: Unknown loot table called irons_spellbooks:magic_items/basic_curios
[065月2025 17:46:54.098] [Render thread/WARN] [net.minecraft.world.level.storage.loot.LootTables/]: Found validation problem in {irons_spellbooks:chests/magic_bookshelf_loot}.pools[1].entries[0]: Unknown loot table called irons_spellbooks:magic_items/basic_curios
[065月2025 17:46:54.098] [Render thread/WARN] [net.minecraft.world.level.storage.loot.LootTables/]: Found validation problem in {irons_spellbooks:chests/mountain_tower}.pools[2].entries[0]: Unknown loot table called irons_spellbooks:magic_items/basic_curios
[065月2025 17:46:54.098] [Render thread/WARN] [net.minecraft.world.level.storage.loot.LootTables/]: Found validation problem in {irons_spellbooks:chests/mangrove_hut}.pools[3].entries[0]: Unknown loot table called irons_spellbooks:magic_items/basic_curios
[065月2025 17:46:54.099] [Render thread/ERROR] [net.minecraft.server.ServerAdvancementManager/]: Parsing error loading custom advancement irons_spellbooks:irons_spellbooks/make_antiquated_compass_dupe: Expected item to be an item, was unknown string 'irons_spellbooks:antiquated_compass'
[065月2025 17:46:54.103] [Render thread/ERROR] [net.minecraft.server.ServerAdvancementManager/]: Parsing error loading custom advancement irons_spellbooks:irons_spellbooks/magic_aura_dupe: Expected item to be an item, was unknown string 'irons_spellbooks:enchanted_ward_amulet'
[065月2025 17:46:54.105] [Render thread/ERROR] [net.minecraft.server.ServerAdvancementManager/]: Parsing error loading custom advancement irons_spellbooks:magic_aura: Expected item to be an item, was unknown string 'irons_spellbooks:enchanted_ward_amulet'
[065月2025 17:46:54.107] [Render thread/ERROR] [net.minecraft.server.ServerAdvancementManager/]: Parsing error loading custom advancement irons_spellbooks:make_antiquated_compass: Expected item to be an item, was unknown string 'irons_spellbooks:antiquated_compass'
[065月2025 17:46:54.117] [Render thread/INFO] [net.minecraft.advancements.AdvancementList/]: Loaded 1449 advancements
[065月2025 17:46:54.135] [Render thread/INFO] [indestructible/]: [Custom Entity Error] can't find a proper argument for using_item. [name: edible, type: boolean, default: ]
[065月2025 17:46:54.136] [Render thread/INFO] [indestructible/]: [Custom Entity Error] can't find a proper argument for using_item. [name: edible, type: boolean, default: ]
[065月2025 17:46:54.136] [Render thread/INFO] [indestructible/]: [Custom Entity Error] can't find a proper argument for using_item. [name: edible, type: boolean, default: ]
[065月2025 17:46:54.136] [Render thread/INFO] [indestructible/]: [Custom Entity Error] can't find a proper argument for using_item. [name: edible, type: boolean, default: ]
[065月2025 17:46:54.136] [Render thread/INFO] [indestructible/]: [Custom Entity Error] can't find a proper argument for using_item. [name: edible, type: boolean, default: ]
[065月2025 17:46:54.136] [Render thread/INFO] [indestructible/]: [Custom Entity Error] can't find a proper argument for using_item. [name: edible, type: boolean, default: ]
[065月2025 17:46:54.137] [Render thread/INFO] [indestructible/]: [Custom Entity Error] can't find a proper argument for using_item. [name: edible, type: boolean, default: ]
[065月2025 17:46:54.137] [Render thread/INFO] [indestructible/]: [Custom Entity Error] can't find a proper argument for using_item. [name: edible, type: boolean, default: ]
[065月2025 17:46:54.137] [Render thread/INFO] [indestructible/]: [Custom Entity Error] can't find a proper argument for using_item. [name: edible, type: boolean, default: ]
[065月2025 17:46:54.137] [Render thread/INFO] [indestructible/]: [Custom Entity Error] can't find a proper argument for using_item. [name: edible, type: boolean, default: ]
[065月2025 17:46:54.137] [Render thread/INFO] [indestructible/]: [Custom Entity Error] can't find a proper argument for using_item. [name: edible, type: boolean, default: ]
[065月2025 17:46:54.138] [Render thread/INFO] [indestructible/]: [Custom Entity Error] can't find a proper argument for using_item. [name: edible, type: boolean, default: ]
[065月2025 17:46:54.138] [Render thread/INFO] [indestructible/]: [Custom Entity Error] can't find a proper argument for using_item. [name: edible, type: boolean, default: ]
[065月2025 17:46:54.138] [Render thread/INFO] [indestructible/]: [Custom Entity Error] can't find a proper argument for using_item. [name: edible, type: boolean, default: ]
[065月2025 17:46:54.138] [Render thread/INFO] [indestructible/]: [Custom Entity Error] can't find a proper argument for using_item. [name: edible, type: boolean, default: ]
[065月2025 17:46:54.138] [Render thread/INFO] [indestructible/]: [Custom Entity Error] can't find a proper argument for using_item. [name: edible, type: boolean, default: ]
[065月2025 17:46:54.138] [Render thread/INFO] [indestructible/]: [Custom Entity Error] can't find a proper argument for using_item. [name: edible, type: boolean, default: ]
[065月2025 17:46:54.139] [Render thread/INFO] [indestructible/]: [Custom Entity Error] can't find a proper argument for using_item. [name: edible, type: boolean, default: ]
[065月2025 17:46:54.139] [Render thread/INFO] [indestructible/]: [Custom Entity Error] can't find a proper argument for using_item. [name: edible, type: boolean, default: ]
[065月2025 17:46:54.139] [Render thread/INFO] [indestructible/]: [Custom Entity Error] can't find a proper argument for using_item. [name: edible, type: boolean, default: ]
[065月2025 17:46:54.139] [Render thread/INFO] [com.stereowalker.tiered.data.AttributeDataLoader/]: Loaded 0 item attributes
[065月2025 17:46:54.140] [Render thread/INFO] [com.p1nero.wukong.WukongMoveset/]: loading heavy attack animations: null
[065月2025 17:46:54.140] [Render thread/INFO] [com.p1nero.wukong.WukongMoveset/]: loading heavy attack animations: null
[065月2025 17:46:54.140] [Render thread/INFO] [com.p1nero.wukong.WukongMoveset/]: loading heavy attack animations: null
[065月2025 17:46:54.140] [Render thread/INFO] [com.p1nero.wukong.WukongMoveset/]: loading heavy attack animations: null
[065月2025 17:46:54.140] [Render thread/INFO] [com.p1nero.wukong.WukongMoveset/]: loading heavy attack animations: null
[065月2025 17:46:54.141] [Render thread/INFO] [com.dfdyz.epicacg.registry.MySkills/]: Build EpicACG Skill
[065月2025 17:46:54.141] [Render thread/INFO] [com.guhao.star.skills.StarSkill/]: Build Star Skill
[065月2025 17:46:54.141] [Render thread/INFO] [com.guhao.star.skills.StarSkill/]: Build Star Skill
[065月2025 17:46:54.141] [Render thread/WARN] [epicfight/]: Skill wom:heart_shield not exists
[065月2025 17:46:54.142] [Render thread/WARN] [epicfight/]: Skill wom:dodge_master not exists
[065月2025 17:46:54.142] [Render thread/WARN] [epicfight/]: Skill wom:bull_charge not exists
[065月2025 17:46:54.142] [Render thread/WARN] [epicfight/]: Skill star:uchigatanaspikes not exists
[065月2025 17:46:54.142] [Render thread/WARN] [epicfight/]: Skill wom:meditation not exists
[065月2025 17:46:54.142] [Render thread/WARN] [epicfight/]: Skill wom:arrow_tenacity not exists
[065月2025 17:46:54.142] [Render thread/WARN] [epicfight/]: Skill wukong:common not exists
[065月2025 17:46:54.142] [Render thread/WARN] [epicfight/]: Skill wom:dancing_blade not exists
[065月2025 17:46:54.142] [Render thread/WARN] [epicfight/]: Skill wom:ender_obscuris not exists
[065月2025 17:46:54.142] [Render thread/WARN] [epicfight/]: Skill wom:adrenaline not exists
[065月2025 17:46:54.142] [Render thread/WARN] [epicfight/]: Skill wom:vengeful_parry not exists
[065月2025 17:46:54.142] [Render thread/WARN] [epicfight/]: Skill wom:mindset not exists
[065月2025 17:46:54.142] [Render thread/WARN] [epicfight/]: Skill wom:pain_anticipation not exists
[065月2025 17:46:54.142] [Render thread/WARN] [epicfight/]: Skill wom:latent_retribution not exists
[065月2025 17:46:54.142] [Render thread/WARN] [epicfight/]: Skill wom:critical_knowledge not exists
[065月2025 17:46:54.142] [Render thread/WARN] [epicfight/]: Skill wukong:stand_charged not exists
[065月2025 17:46:54.142] [Render thread/WARN] [epicfight/]: Skill wom:shadow_step not exists
[065月2025 17:46:54.142] [Render thread/WARN] [epicfight/]: Skill wom:perfect_bulwark not exists
[065月2025 17:46:54.142] [Render thread/WARN] [epicfight/]: Skill wom:counter_attack not exists
[065月2025 17:46:54.142] [Render thread/WARN] [epicfight/]: Skill wom:ender_step not exists
[065月2025 17:46:54.142] [Render thread/WARN] [epicfight/]: Skill wom:vampirize not exists
[065月2025 17:46:54.458] [Render thread/INFO] [com.mojang.authlib.yggdrasil.YggdrasilAuthenticationService/]: Environment: authHost='https://authserver.mojang.com', accountsHost='https://api.mojang.com', sessionHost='https://sessionserver.mojang.com', servicesHost='https://api.minecraftservices.com', name='PROD'
[065月2025 17:46:54.483] [Render thread/INFO] [corgitaco.mobifier.Mobifier/]: "C:\Users\Administrator\Desktop\无坚不摧模组开发\Arc's Better EpicFight WeaponTypes\run\config\mobifier.json" was read.
[065月2025 17:46:54.505] [Server thread/INFO] [net.minecraft.client.server.IntegratedServer/]: Starting integrated minecraft server version 1.18.2
[065月2025 17:46:54.505] [Server thread/INFO] [net.minecraft.server.MinecraftServer/]: Generating keypair
[065月2025 17:46:54.617] [Server thread/WARN] [net.minecraftforge.common.ForgeConfigSpec/CORE]: Configuration file .\saves\test\serverconfig\unionlib-server.toml is not correct. Correcting
[065月2025 17:46:54.617] [Server thread/WARN] [net.minecraftforge.common.ForgeConfigSpec/CORE]: Incorrect key General was corrected from null to its default, SimpleCommentedConfig:{}. 
[065月2025 17:46:54.617] [Server thread/WARN] [net.minecraftforge.common.ForgeConfigSpec/CORE]: Incorrect key General.Boolean: Show Config Button was corrected from null to its default, true. 
[065月2025 17:46:54.618] [Server thread/WARN] [net.minecraftforge.common.ForgeConfigSpec/CORE]: Incorrect key Capes was corrected from null to its default, SimpleCommentedConfig:{}. 
[065月2025 17:46:54.618] [Server thread/WARN] [net.minecraftforge.common.ForgeConfigSpec/CORE]: Incorrect key Capes.Boolean: Show Capes was corrected from null to its default, true. 
[065月2025 17:46:54.619] [Server thread/WARN] [net.minecraftforge.common.ForgeConfigSpec/CORE]: Configuration file .\saves\test\serverconfig\curios-server.toml is not correct. Correcting
[065月2025 17:46:54.620] [Server thread/WARN] [net.minecraftforge.common.ForgeConfigSpec/CORE]: Incorrect key curiosSettings was corrected from null to its default, []. 
[065月2025 17:46:54.628] [Server thread/WARN] [net.minecraftforge.common.ForgeConfigSpec/CORE]: Configuration file .\saves\test\serverconfig\forge-server.toml is not correct. Correcting
[065月2025 17:46:54.629] [Server thread/WARN] [net.minecraftforge.common.ForgeConfigSpec/CORE]: Incorrect key server was corrected from null to its default, SimpleCommentedConfig:{}. 
[065月2025 17:46:54.629] [Server thread/WARN] [net.minecraftforge.common.ForgeConfigSpec/CORE]: Incorrect key server.removeErroringBlockEntities was corrected from null to its default, false. 
[065月2025 17:46:54.629] [Server thread/WARN] [net.minecraftforge.common.ForgeConfigSpec/CORE]: Incorrect key server.removeErroringEntities was corrected from null to its default, false. 
[065月2025 17:46:54.629] [Server thread/WARN] [net.minecraftforge.common.ForgeConfigSpec/CORE]: Incorrect key server.fullBoundingBoxLadders was corrected from null to its default, false. 
[065月2025 17:46:54.629] [Server thread/WARN] [net.minecraftforge.common.ForgeConfigSpec/CORE]: Incorrect key server.zombieBaseSummonChance was corrected from null to its default, 0.1. 
[065月2025 17:46:54.629] [Server thread/WARN] [net.minecraftforge.common.ForgeConfigSpec/CORE]: Incorrect key server.zombieBabyChance was corrected from null to its default, 0.05. 
[065月2025 17:46:54.629] [Server thread/WARN] [net.minecraftforge.common.ForgeConfigSpec/CORE]: Incorrect key server.treatEmptyTagsAsAir was corrected from null to its default, false. 
[065月2025 17:46:54.629] [Server thread/WARN] [net.minecraftforge.common.ForgeConfigSpec/CORE]: Incorrect key server.skipEmptyShapelessCheck was corrected from null to its default, true. 
[065月2025 17:46:54.629] [Server thread/WARN] [net.minecraftforge.common.ForgeConfigSpec/CORE]: Incorrect key server.fixAdvancementLoading was corrected from null to its default, true. 
[065月2025 17:46:54.629] [Server thread/WARN] [net.minecraftforge.common.ForgeConfigSpec/CORE]: Incorrect key server.permissionHandler was corrected from null to its default, forge:default_handler. 
[065月2025 17:46:54.632] [Server thread/WARN] [net.minecraftforge.common.ForgeConfigSpec/CORE]: Configuration file .\saves\test\serverconfig\irons_spellbooks-server.toml is not correct. Correcting
[065月2025 17:46:54.632] [Server thread/WARN] [net.minecraftforge.common.ForgeConfigSpec/CORE]: Incorrect key Misc was corrected from null to its default, SimpleCommentedConfig:{}. 
[065月2025 17:46:54.633] [Server thread/WARN] [net.minecraftforge.common.ForgeConfigSpec/CORE]: Incorrect key Misc.rarityConfig was corrected from null to its default, [0.3, 0.25, 0.2, 0.15, 0.1]. 
[065月2025 17:46:54.633] [Server thread/WARN] [net.minecraftforge.common.ForgeConfigSpec/CORE]: Incorrect key Misc.swordsConsumeMana was corrected from null to its default, true. 
[065月2025 17:46:54.633] [Server thread/WARN] [net.minecraftforge.common.ForgeConfigSpec/CORE]: Incorrect key Misc.canAttackOwnSummons was corrected from null to its default, false. 
[065月2025 17:46:54.633] [Server thread/WARN] [net.minecraftforge.common.ForgeConfigSpec/CORE]: Incorrect key Misc.maxUpgrades was corrected from null to its default, 3. 
[065月2025 17:46:54.633] [Server thread/WARN] [net.minecraftforge.common.ForgeConfigSpec/CORE]: Incorrect key Misc.manaSpawnPercent was corrected from null to its default, 0.0. 
[065月2025 17:46:54.633] [Server thread/WARN] [net.minecraftforge.common.ForgeConfigSpec/CORE]: Incorrect key Upgrade Overrides was corrected from null to its default, SimpleCommentedConfig:{}. 
[065月2025 17:46:54.634] [Server thread/WARN] [net.minecraftforge.common.ForgeConfigSpec/CORE]: Incorrect key Upgrade Overrides.upgradeWhitelist was corrected from null to its default, []. 
[065月2025 17:46:54.634] [Server thread/WARN] [net.minecraftforge.common.ForgeConfigSpec/CORE]: Incorrect key Upgrade Overrides.upgradeBlacklist was corrected from null to its default, []. 
[065月2025 17:46:54.634] [Server thread/WARN] [net.minecraftforge.common.ForgeConfigSpec/CORE]: Incorrect key Imbue Overrides was corrected from null to its default, SimpleCommentedConfig:{}. 
[065月2025 17:46:54.634] [Server thread/WARN] [net.minecraftforge.common.ForgeConfigSpec/CORE]: Incorrect key Imbue Overrides.imbueWhitelist was corrected from null to its default, []. 
[065月2025 17:46:54.634] [Server thread/WARN] [net.minecraftforge.common.ForgeConfigSpec/CORE]: Incorrect key Imbue Overrides.imbueBlacklist was corrected from null to its default, []. 
[065月2025 17:46:54.634] [Server thread/WARN] [net.minecraftforge.common.ForgeConfigSpec/CORE]: Incorrect key Spells was corrected from null to its default, SimpleCommentedConfig:{}. 
[065月2025 17:46:54.634] [Server thread/WARN] [net.minecraftforge.common.ForgeConfigSpec/CORE]: Incorrect key Spells.Blood-Slash was corrected from null to its default, SimpleCommentedConfig:{}. 
[065月2025 17:46:54.634] [Server thread/WARN] [net.minecraftforge.common.ForgeConfigSpec/CORE]: Incorrect key Spells.Blood-Slash.Enabled was corrected from null to its default, true. 
[065月2025 17:46:54.635] [Server thread/WARN] [net.minecraftforge.common.ForgeConfigSpec/CORE]: Incorrect key Spells.Blood-Slash.School was corrected from null to its default, BLOOD. 
[065月2025 17:46:54.635] [Server thread/WARN] [net.minecraftforge.common.ForgeConfigSpec/CORE]: Incorrect key Spells.Blood-Slash.MaxLevel was corrected from null to its default, 5. 
[065月2025 17:46:54.635] [Server thread/WARN] [net.minecraftforge.common.ForgeConfigSpec/CORE]: Incorrect key Spells.Blood-Slash.MinRarity was corrected from null to its default, RARE. 
[065月2025 17:46:54.635] [Server thread/WARN] [net.minecraftforge.common.ForgeConfigSpec/CORE]: Incorrect key Spells.Blood-Slash.ManaCostMultiplier was corrected from null to its default, 1.0. 
[065月2025 17:46:54.635] [Server thread/WARN] [net.minecraftforge.common.ForgeConfigSpec/CORE]: Incorrect key Spells.Blood-Slash.SpellPowerMultiplier was corrected from null to its default, 1.0. 
[065月2025 17:46:54.635] [Server thread/WARN] [net.minecraftforge.common.ForgeConfigSpec/CORE]: Incorrect key Spells.Blood-Slash.CooldownInSeconds was corrected from null to its default, 10.0. 
[065月2025 17:46:54.635] [Server thread/WARN] [net.minecraftforge.common.ForgeConfigSpec/CORE]: Incorrect key Spells.Blood-Step was corrected from null to its default, SimpleCommentedConfig:{}. 
[065月2025 17:46:54.635] [Server thread/WARN] [net.minecraftforge.common.ForgeConfigSpec/CORE]: Incorrect key Spells.Blood-Step.Enabled was corrected from null to its default, true. 
[065月2025 17:46:54.635] [Server thread/WARN] [net.minecraftforge.common.ForgeConfigSpec/CORE]: Incorrect key Spells.Blood-Step.School was corrected from null to its default, BLOOD. 
[065月2025 17:46:54.635] [Server thread/WARN] [net.minecraftforge.common.ForgeConfigSpec/CORE]: Incorrect key Spells.Blood-Step.MaxLevel was corrected from null to its default, 5. 
[065月2025 17:46:54.635] [Server thread/WARN] [net.minecraftforge.common.ForgeConfigSpec/CORE]: Incorrect key Spells.Blood-Step.MinRarity was corrected from null to its default, UNCOMMON. 
[065月2025 17:46:54.635] [Server thread/WARN] [net.minecraftforge.common.ForgeConfigSpec/CORE]: Incorrect key Spells.Blood-Step.ManaCostMultiplier was corrected from null to its default, 1.0. 
[065月2025 17:46:54.635] [Server thread/WARN] [net.minecraftforge.common.ForgeConfigSpec/CORE]: Incorrect key Spells.Blood-Step.SpellPowerMultiplier was corrected from null to its default, 1.0. 
[065月2025 17:46:54.635] [Server thread/WARN] [net.minecraftforge.common.ForgeConfigSpec/CORE]: Incorrect key Spells.Blood-Step.CooldownInSeconds was corrected from null to its default, 5.0. 
[065月2025 17:46:54.635] [Server thread/WARN] [net.minecraftforge.common.ForgeConfigSpec/CORE]: Incorrect key Spells.Heartstop was corrected from null to its default, SimpleCommentedConfig:{}. 
[065月2025 17:46:54.635] [Server thread/WARN] [net.minecraftforge.common.ForgeConfigSpec/CORE]: Incorrect key Spells.Heartstop.Enabled was corrected from null to its default, true. 
[065月2025 17:46:54.635] [Server thread/WARN] [net.minecraftforge.common.ForgeConfigSpec/CORE]: Incorrect key Spells.Heartstop.School was corrected from null to its default, BLOOD. 
[065月2025 17:46:54.635] [Server thread/WARN] [net.minecraftforge.common.ForgeConfigSpec/CORE]: Incorrect key Spells.Heartstop.MaxLevel was corrected from null to its default, 10. 
[065月2025 17:46:54.635] [Server thread/WARN] [net.minecraftforge.common.ForgeConfigSpec/CORE]: Incorrect key Spells.Heartstop.MinRarity was corrected from null to its default, COMMON. 
[065月2025 17:46:54.635] [Server thread/WARN] [net.minecraftforge.common.ForgeConfigSpec/CORE]: Incorrect key Spells.Heartstop.ManaCostMultiplier was corrected from null to its default, 1.0. 
[065月2025 17:46:54.635] [Server thread/WARN] [net.minecraftforge.common.ForgeConfigSpec/CORE]: Incorrect key Spells.Heartstop.SpellPowerMultiplier was corrected from null to its default, 1.0. 
[065月2025 17:46:54.635] [Server thread/WARN] [net.minecraftforge.common.ForgeConfigSpec/CORE]: Incorrect key Spells.Heartstop.CooldownInSeconds was corrected from null to its default, 120.0. 
[065月2025 17:46:54.635] [Server thread/WARN] [net.minecraftforge.common.ForgeConfigSpec/CORE]: Incorrect key Spells.Raise-Dead was corrected from null to its default, SimpleCommentedConfig:{}. 
[065月2025 17:46:54.635] [Server thread/WARN] [net.minecraftforge.common.ForgeConfigSpec/CORE]: Incorrect key Spells.Raise-Dead.Enabled was corrected from null to its default, true. 
[065月2025 17:46:54.635] [Server thread/WARN] [net.minecraftforge.common.ForgeConfigSpec/CORE]: Incorrect key Spells.Raise-Dead.School was corrected from null to its default, BLOOD. 
[065月2025 17:46:54.635] [Server thread/WARN] [net.minecraftforge.common.ForgeConfigSpec/CORE]: Incorrect key Spells.Raise-Dead.MaxLevel was corrected from null to its default, 6. 
[065月2025 17:46:54.635] [Server thread/WARN] [net.minecraftforge.common.ForgeConfigSpec/CORE]: Incorrect key Spells.Raise-Dead.MinRarity was corrected from null to its default, UNCOMMON. 
[065月2025 17:46:54.635] [Server thread/WARN] [net.minecraftforge.common.ForgeConfigSpec/CORE]: Incorrect key Spells.Raise-Dead.ManaCostMultiplier was corrected from null to its default, 1.0. 
[065月2025 17:46:54.635] [Server thread/WARN] [net.minecraftforge.common.ForgeConfigSpec/CORE]: Incorrect key Spells.Raise-Dead.SpellPowerMultiplier was corrected from null to its default, 1.0. 
[065月2025 17:46:54.635] [Server thread/WARN] [net.minecraftforge.common.ForgeConfigSpec/CORE]: Incorrect key Spells.Raise-Dead.CooldownInSeconds was corrected from null to its default, 150.0. 
[065月2025 17:46:54.635] [Server thread/WARN] [net.minecraftforge.common.ForgeConfigSpec/CORE]: Incorrect key Spells.Ray-Of-Siphoning was corrected from null to its default, SimpleCommentedConfig:{}. 
[065月2025 17:46:54.635] [Server thread/WARN] [net.minecraftforge.common.ForgeConfigSpec/CORE]: Incorrect key Spells.Ray-Of-Siphoning.Enabled was corrected from null to its default, true. 
[065月2025 17:46:54.635] [Server thread/WARN] [net.minecraftforge.common.ForgeConfigSpec/CORE]: Incorrect key Spells.Ray-Of-Siphoning.School was corrected from null to its default, BLOOD. 
[065月2025 17:46:54.635] [Server thread/WARN] [net.minecraftforge.common.ForgeConfigSpec/CORE]: Incorrect key Spells.Ray-Of-Siphoning.MaxLevel was corrected from null to its default, 10. 
[065月2025 17:46:54.635] [Server thread/WARN] [net.minecraftforge.common.ForgeConfigSpec/CORE]: Incorrect key Spells.Ray-Of-Siphoning.MinRarity was corrected from null to its default, COMMON. 
[065月2025 17:46:54.635] [Server thread/WARN] [net.minecraftforge.common.ForgeConfigSpec/CORE]: Incorrect key Spells.Ray-Of-Siphoning.ManaCostMultiplier was corrected from null to its default, 1.0. 
[065月2025 17:46:54.635] [Server thread/WARN] [net.minecraftforge.common.ForgeConfigSpec/CORE]: Incorrect key Spells.Ray-Of-Siphoning.SpellPowerMultiplier was corrected from null to its default, 1.0. 
[065月2025 17:46:54.635] [Server thread/WARN] [net.minecraftforge.common.ForgeConfigSpec/CORE]: Incorrect key Spells.Ray-Of-Siphoning.CooldownInSeconds was corrected from null to its default, 15.0. 
[065月2025 17:46:54.635] [Server thread/WARN] [net.minecraftforge.common.ForgeConfigSpec/CORE]: Incorrect key Spells.Wither-Skull was corrected from null to its default, SimpleCommentedConfig:{}. 
[065月2025 17:46:54.635] [Server thread/WARN] [net.minecraftforge.common.ForgeConfigSpec/CORE]: Incorrect key Spells.Wither-Skull.Enabled was corrected from null to its default, true. 
[065月2025 17:46:54.635] [Server thread/WARN] [net.minecraftforge.common.ForgeConfigSpec/CORE]: Incorrect key Spells.Wither-Skull.School was corrected from null to its default, BLOOD. 
[065月2025 17:46:54.635] [Server thread/WARN] [net.minecraftforge.common.ForgeConfigSpec/CORE]: Incorrect key Spells.Wither-Skull.MaxLevel was corrected from null to its default, 10. 
[065月2025 17:46:54.635] [Server thread/WARN] [net.minecraftforge.common.ForgeConfigSpec/CORE]: Incorrect key Spells.Wither-Skull.MinRarity was corrected from null to its default, UNCOMMON. 
[065月2025 17:46:54.636] [Server thread/WARN] [net.minecraftforge.common.ForgeConfigSpec/CORE]: Incorrect key Spells.Wither-Skull.ManaCostMultiplier was corrected from null to its default, 1.0. 
[065月2025 17:46:54.636] [Server thread/WARN] [net.minecraftforge.common.ForgeConfigSpec/CORE]: Incorrect key Spells.Wither-Skull.SpellPowerMultiplier was corrected from null to its default, 1.0. 
[065月2025 17:46:54.636] [Server thread/WARN] [net.minecraftforge.common.ForgeConfigSpec/CORE]: Incorrect key Spells.Wither-Skull.CooldownInSeconds was corrected from null to its default, 1.0. 
[065月2025 17:46:54.636] [Server thread/WARN] [net.minecraftforge.common.ForgeConfigSpec/CORE]: Incorrect key Spells.Blood-Needles was corrected from null to its default, SimpleCommentedConfig:{}. 
[065月2025 17:46:54.636] [Server thread/WARN] [net.minecraftforge.common.ForgeConfigSpec/CORE]: Incorrect key Spells.Blood-Needles.Enabled was corrected from null to its default, true. 
[065月2025 17:46:54.636] [Server thread/WARN] [net.minecraftforge.common.ForgeConfigSpec/CORE]: Incorrect key Spells.Blood-Needles.School was corrected from null to its default, BLOOD. 
[065月2025 17:46:54.636] [Server thread/WARN] [net.minecraftforge.common.ForgeConfigSpec/CORE]: Incorrect key Spells.Blood-Needles.MaxLevel was corrected from null to its default, 10. 
[065月2025 17:46:54.636] [Server thread/WARN] [net.minecraftforge.common.ForgeConfigSpec/CORE]: Incorrect key Spells.Blood-Needles.MinRarity was corrected from null to its default, UNCOMMON. 
[065月2025 17:46:54.636] [Server thread/WARN] [net.minecraftforge.common.ForgeConfigSpec/CORE]: Incorrect key Spells.Blood-Needles.ManaCostMultiplier was corrected from null to its default, 1.0. 
[065月2025 17:46:54.636] [Server thread/WARN] [net.minecraftforge.common.ForgeConfigSpec/CORE]: Incorrect key Spells.Blood-Needles.SpellPowerMultiplier was corrected from null to its default, 1.0. 
[065月2025 17:46:54.636] [Server thread/WARN] [net.minecraftforge.common.ForgeConfigSpec/CORE]: Incorrect key Spells.Blood-Needles.CooldownInSeconds was corrected from null to its default, 10.0. 
[065月2025 17:46:54.636] [Server thread/WARN] [net.minecraftforge.common.ForgeConfigSpec/CORE]: Incorrect key Spells.Acupuncture was corrected from null to its default, SimpleCommentedConfig:{}. 
[065月2025 17:46:54.636] [Server thread/WARN] [net.minecraftforge.common.ForgeConfigSpec/CORE]: Incorrect key Spells.Acupuncture.Enabled was corrected from null to its default, true. 
[065月2025 17:46:54.636] [Server thread/WARN] [net.minecraftforge.common.ForgeConfigSpec/CORE]: Incorrect key Spells.Acupuncture.School was corrected from null to its default, BLOOD. 
[065月2025 17:46:54.636] [Server thread/WARN] [net.minecraftforge.common.ForgeConfigSpec/CORE]: Incorrect key Spells.Acupuncture.MaxLevel was corrected from null to its default, 10. 
[065月2025 17:46:54.636] [Server thread/WARN] [net.minecraftforge.common.ForgeConfigSpec/CORE]: Incorrect key Spells.Acupuncture.MinRarity was corrected from null to its default, RARE. 
[065月2025 17:46:54.636] [Server thread/WARN] [net.minecraftforge.common.ForgeConfigSpec/CORE]: Incorrect key Spells.Acupuncture.ManaCostMultiplier was corrected from null to its default, 1.0. 
[065月2025 17:46:54.636] [Server thread/WARN] [net.minecraftforge.common.ForgeConfigSpec/CORE]: Incorrect key Spells.Acupuncture.SpellPowerMultiplier was corrected from null to its default, 1.0. 
[065月2025 17:46:54.636] [Server thread/WARN] [net.minecraftforge.common.ForgeConfigSpec/CORE]: Incorrect key Spells.Acupuncture.CooldownInSeconds was corrected from null to its default, 20.0. 
[065月2025 17:46:54.636] [Server thread/WARN] [net.minecraftforge.common.ForgeConfigSpec/CORE]: Incorrect key Spells.Evasion was corrected from null to its default, SimpleCommentedConfig:{}. 
[065月2025 17:46:54.636] [Server thread/WARN] [net.minecraftforge.common.ForgeConfigSpec/CORE]: Incorrect key Spells.Evasion.Enabled was corrected from null to its default, true. 
[065月2025 17:46:54.636] [Server thread/WARN] [net.minecraftforge.common.ForgeConfigSpec/CORE]: Incorrect key Spells.Evasion.School was corrected from null to its default, ENDER. 
[065月2025 17:46:54.636] [Server thread/WARN] [net.minecraftforge.common.ForgeConfigSpec/CORE]: Incorrect key Spells.Evasion.MaxLevel was corrected from null to its default, 5. 
[065月2025 17:46:54.636] [Server thread/WARN] [net.minecraftforge.common.ForgeConfigSpec/CORE]: Incorrect key Spells.Evasion.MinRarity was corrected from null to its default, EPIC. 
[065月2025 17:46:54.637] [Server thread/WARN] [net.minecraftforge.common.ForgeConfigSpec/CORE]: Incorrect key Spells.Evasion.ManaCostMultiplier was corrected from null to its default, 1.0. 
[065月2025 17:46:54.637] [Server thread/WARN] [net.minecraftforge.common.ForgeConfigSpec/CORE]: Incorrect key Spells.Evasion.SpellPowerMultiplier was corrected from null to its default, 1.0. 
[065月2025 17:46:54.637] [Server thread/WARN] [net.minecraftforge.common.ForgeConfigSpec/CORE]: Incorrect key Spells.Evasion.CooldownInSeconds was corrected from null to its default, 180.0. 
[065月2025 17:46:54.637] [Server thread/WARN] [net.minecraftforge.common.ForgeConfigSpec/CORE]: Incorrect key Spells.Magic-Arrow was corrected from null to its default, SimpleCommentedConfig:{}. 
[065月2025 17:46:54.637] [Server thread/WARN] [net.minecraftforge.common.ForgeConfigSpec/CORE]: Incorrect key Spells.Magic-Arrow.Enabled was corrected from null to its default, true. 
[065月2025 17:46:54.637] [Server thread/WARN] [net.minecraftforge.common.ForgeConfigSpec/CORE]: Incorrect key Spells.Magic-Arrow.School was corrected from null to its default, ENDER. 
[065月2025 17:46:54.637] [Server thread/WARN] [net.minecraftforge.common.ForgeConfigSpec/CORE]: Incorrect key Spells.Magic-Arrow.MaxLevel was corrected from null to its default, 10. 
[065月2025 17:46:54.637] [Server thread/WARN] [net.minecraftforge.common.ForgeConfigSpec/CORE]: Incorrect key Spells.Magic-Arrow.MinRarity was corrected from null to its default, RARE. 
[065月2025 17:46:54.637] [Server thread/WARN] [net.minecraftforge.common.ForgeConfigSpec/CORE]: Incorrect key Spells.Magic-Arrow.ManaCostMultiplier was corrected from null to its default, 1.0. 
[065月2025 17:46:54.637] [Server thread/WARN] [net.minecraftforge.common.ForgeConfigSpec/CORE]: Incorrect key Spells.Magic-Arrow.SpellPowerMultiplier was corrected from null to its default, 1.0. 
[065月2025 17:46:54.637] [Server thread/WARN] [net.minecraftforge.common.ForgeConfigSpec/CORE]: Incorrect key Spells.Magic-Arrow.CooldownInSeconds was corrected from null to its default, 8.0. 
[065月2025 17:46:54.637] [Server thread/WARN] [net.minecraftforge.common.ForgeConfigSpec/CORE]: Incorrect key Spells.Magic-Missile was corrected from null to its default, SimpleCommentedConfig:{}. 
[065月2025 17:46:54.637] [Server thread/WARN] [net.minecraftforge.common.ForgeConfigSpec/CORE]: Incorrect key Spells.Magic-Missile.Enabled was corrected from null to its default, true. 
[065月2025 17:46:54.637] [Server thread/WARN] [net.minecraftforge.common.ForgeConfigSpec/CORE]: Incorrect key Spells.Magic-Missile.School was corrected from null to its default, ENDER. 
[065月2025 17:46:54.637] [Server thread/WARN] [net.minecraftforge.common.ForgeConfigSpec/CORE]: Incorrect key Spells.Magic-Missile.MaxLevel was corrected from null to its default, 10. 
[065月2025 17:46:54.637] [Server thread/WARN] [net.minecraftforge.common.ForgeConfigSpec/CORE]: Incorrect key Spells.Magic-Missile.MinRarity was corrected from null to its default, COMMON. 
[065月2025 17:46:54.637] [Server thread/WARN] [net.minecraftforge.common.ForgeConfigSpec/CORE]: Incorrect key Spells.Magic-Missile.ManaCostMultiplier was corrected from null to its default, 1.0. 
[065月2025 17:46:54.637] [Server thread/WARN] [net.minecraftforge.common.ForgeConfigSpec/CORE]: Incorrect key Spells.Magic-Missile.SpellPowerMultiplier was corrected from null to its default, 1.0. 
[065月2025 17:46:54.637] [Server thread/WARN] [net.minecraftforge.common.ForgeConfigSpec/CORE]: Incorrect key Spells.Magic-Missile.CooldownInSeconds was corrected from null to its default, 1.0. 
[065月2025 17:46:54.637] [Server thread/WARN] [net.minecraftforge.common.ForgeConfigSpec/CORE]: Incorrect key Spells.Teleport was corrected from null to its default, SimpleCommentedConfig:{}. 
[065月2025 17:46:54.637] [Server thread/WARN] [net.minecraftforge.common.ForgeConfigSpec/CORE]: Incorrect key Spells.Teleport.Enabled was corrected from null to its default, true. 
[065月2025 17:46:54.637] [Server thread/WARN] [net.minecraftforge.common.ForgeConfigSpec/CORE]: Incorrect key Spells.Teleport.School was corrected from null to its default, ENDER. 
[065月2025 17:46:54.637] [Server thread/WARN] [net.minecraftforge.common.ForgeConfigSpec/CORE]: Incorrect key Spells.Teleport.MaxLevel was corrected from null to its default, 5. 
[065月2025 17:46:54.637] [Server thread/WARN] [net.minecraftforge.common.ForgeConfigSpec/CORE]: Incorrect key Spells.Teleport.MinRarity was corrected from null to its default, UNCOMMON. 
[065月2025 17:46:54.637] [Server thread/WARN] [net.minecraftforge.common.ForgeConfigSpec/CORE]: Incorrect key Spells.Teleport.ManaCostMultiplier was corrected from null to its default, 1.0. 
[065月2025 17:46:54.637] [Server thread/WARN] [net.minecraftforge.common.ForgeConfigSpec/CORE]: Incorrect key Spells.Teleport.SpellPowerMultiplier was corrected from null to its default, 1.0. 
[065月2025 17:46:54.637] [Server thread/WARN] [net.minecraftforge.common.ForgeConfigSpec/CORE]: Incorrect key Spells.Teleport.CooldownInSeconds was corrected from null to its default, 3.0. 
[065月2025 17:46:54.637] [Server thread/WARN] [net.minecraftforge.common.ForgeConfigSpec/CORE]: Incorrect key Spells.Counterspell was corrected from null to its default, SimpleCommentedConfig:{}. 
[065月2025 17:46:54.637] [Server thread/WARN] [net.minecraftforge.common.ForgeConfigSpec/CORE]: Incorrect key Spells.Counterspell.Enabled was corrected from null to its default, true. 
[065月2025 17:46:54.637] [Server thread/WARN] [net.minecraftforge.common.ForgeConfigSpec/CORE]: Incorrect key Spells.Counterspell.School was corrected from null to its default, ENDER. 
[065月2025 17:46:54.637] [Server thread/WARN] [net.minecraftforge.common.ForgeConfigSpec/CORE]: Incorrect key Spells.Counterspell.MaxLevel was corrected from null to its default, 1. 
[065月2025 17:46:54.637] [Server thread/WARN] [net.minecraftforge.common.ForgeConfigSpec/CORE]: Incorrect key Spells.Counterspell.MinRarity was corrected from null to its default, RARE. 
[065月2025 17:46:54.637] [Server thread/WARN] [net.minecraftforge.common.ForgeConfigSpec/CORE]: Incorrect key Spells.Counterspell.ManaCostMultiplier was corrected from null to its default, 1.0. 
[065月2025 17:46:54.637] [Server thread/WARN] [net.minecraftforge.common.ForgeConfigSpec/CORE]: Incorrect key Spells.Counterspell.SpellPowerMultiplier was corrected from null to its default, 1.0. 
[065月2025 17:46:54.637] [Server thread/WARN] [net.minecraftforge.common.ForgeConfigSpec/CORE]: Incorrect key Spells.Counterspell.CooldownInSeconds was corrected from null to its default, 15.0. 
[065月2025 17:46:54.637] [Server thread/WARN] [net.minecraftforge.common.ForgeConfigSpec/CORE]: Incorrect key Spells.Dragon-Breath was corrected from null to its default, SimpleCommentedConfig:{}. 
[065月2025 17:46:54.637] [Server thread/WARN] [net.minecraftforge.common.ForgeConfigSpec/CORE]: Incorrect key Spells.Dragon-Breath.Enabled was corrected from null to its default, true. 
[065月2025 17:46:54.637] [Server thread/WARN] [net.minecraftforge.common.ForgeConfigSpec/CORE]: Incorrect key Spells.Dragon-Breath.School was corrected from null to its default, ENDER. 
[065月2025 17:46:54.637] [Server thread/WARN] [net.minecraftforge.common.ForgeConfigSpec/CORE]: Incorrect key Spells.Dragon-Breath.MaxLevel was corrected from null to its default, 10. 
[065月2025 17:46:54.637] [Server thread/WARN] [net.minecraftforge.common.ForgeConfigSpec/CORE]: Incorrect key Spells.Dragon-Breath.MinRarity was corrected from null to its default, COMMON. 
[065月2025 17:46:54.637] [Server thread/WARN] [net.minecraftforge.common.ForgeConfigSpec/CORE]: Incorrect key Spells.Dragon-Breath.ManaCostMultiplier was corrected from null to its default, 1.0. 
[065月2025 17:46:54.637] [Server thread/WARN] [net.minecraftforge.common.ForgeConfigSpec/CORE]: Incorrect key Spells.Dragon-Breath.SpellPowerMultiplier was corrected from null to its default, 1.0. 
[065月2025 17:46:54.637] [Server thread/WARN] [net.minecraftforge.common.ForgeConfigSpec/CORE]: Incorrect key Spells.Dragon-Breath.CooldownInSeconds was corrected from null to its default, 12.0. 
[065月2025 17:46:54.637] [Server thread/WARN] [net.minecraftforge.common.ForgeConfigSpec/CORE]: Incorrect key Spells.Starfall was corrected from null to its default, SimpleCommentedConfig:{}. 
[065月2025 17:46:54.637] [Server thread/WARN] [net.minecraftforge.common.ForgeConfigSpec/CORE]: Incorrect key Spells.Starfall.Enabled was corrected from null to its default, true. 
[065月2025 17:46:54.637] [Server thread/WARN] [net.minecraftforge.common.ForgeConfigSpec/CORE]: Incorrect key Spells.Starfall.School was corrected from null to its default, ENDER. 
[065月2025 17:46:54.637] [Server thread/WARN] [net.minecraftforge.common.ForgeConfigSpec/CORE]: Incorrect key Spells.Starfall.MaxLevel was corrected from null to its default, 10. 
[065月2025 17:46:54.637] [Server thread/WARN] [net.minecraftforge.common.ForgeConfigSpec/CORE]: Incorrect key Spells.Starfall.MinRarity was corrected from null to its default, UNCOMMON. 
[065月2025 17:46:54.638] [Server thread/WARN] [net.minecraftforge.common.ForgeConfigSpec/CORE]: Incorrect key Spells.Starfall.ManaCostMultiplier was corrected from null to its default, 1.0. 
[065月2025 17:46:54.638] [Server thread/WARN] [net.minecraftforge.common.ForgeConfigSpec/CORE]: Incorrect key Spells.Starfall.SpellPowerMultiplier was corrected from null to its default, 1.0. 
[065月2025 17:46:54.638] [Server thread/WARN] [net.minecraftforge.common.ForgeConfigSpec/CORE]: Incorrect key Spells.Starfall.CooldownInSeconds was corrected from null to its default, 16.0. 
[065月2025 17:46:54.638] [Server thread/WARN] [net.minecraftforge.common.ForgeConfigSpec/CORE]: Incorrect key Spells.Chain-Creeper was corrected from null to its default, SimpleCommentedConfig:{}. 
[065月2025 17:46:54.638] [Server thread/WARN] [net.minecraftforge.common.ForgeConfigSpec/CORE]: Incorrect key Spells.Chain-Creeper.Enabled was corrected from null to its default, true. 
[065月2025 17:46:54.638] [Server thread/WARN] [net.minecraftforge.common.ForgeConfigSpec/CORE]: Incorrect key Spells.Chain-Creeper.School was corrected from null to its default, EVOCATION. 
[065月2025 17:46:54.638] [Server thread/WARN] [net.minecraftforge.common.ForgeConfigSpec/CORE]: Incorrect key Spells.Chain-Creeper.MaxLevel was corrected from null to its default, 6. 
[065月2025 17:46:54.638] [Server thread/WARN] [net.minecraftforge.common.ForgeConfigSpec/CORE]: Incorrect key Spells.Chain-Creeper.MinRarity was corrected from null to its default, UNCOMMON. 
[065月2025 17:46:54.638] [Server thread/WARN] [net.minecraftforge.common.ForgeConfigSpec/CORE]: Incorrect key Spells.Chain-Creeper.ManaCostMultiplier was corrected from null to its default, 1.0. 
[065月2025 17:46:54.638] [Server thread/WARN] [net.minecraftforge.common.ForgeConfigSpec/CORE]: Incorrect key Spells.Chain-Creeper.SpellPowerMultiplier was corrected from null to its default, 1.0. 
[065月2025 17:46:54.638] [Server thread/WARN] [net.minecraftforge.common.ForgeConfigSpec/CORE]: Incorrect key Spells.Chain-Creeper.CooldownInSeconds was corrected from null to its default, 15.0. 
[065月2025 17:46:54.638] [Server thread/WARN] [net.minecraftforge.common.ForgeConfigSpec/CORE]: Incorrect key Spells.Fang-Strike was corrected from null to its default, SimpleCommentedConfig:{}. 
[065月2025 17:46:54.638] [Server thread/WARN] [net.minecraftforge.common.ForgeConfigSpec/CORE]: Incorrect key Spells.Fang-Strike.Enabled was corrected from null to its default, true. 
[065月2025 17:46:54.638] [Server thread/WARN] [net.minecraftforge.common.ForgeConfigSpec/CORE]: Incorrect key Spells.Fang-Strike.School was corrected from null to its default, EVOCATION. 
[065月2025 17:46:54.638] [Server thread/WARN] [net.minecraftforge.common.ForgeConfigSpec/CORE]: Incorrect key Spells.Fang-Strike.MaxLevel was corrected from null to its default, 10. 
[065月2025 17:46:54.638] [Server thread/WARN] [net.minecraftforge.common.ForgeConfigSpec/CORE]: Incorrect key Spells.Fang-Strike.MinRarity was corrected from null to its default, COMMON. 
[065月2025 17:46:54.638] [Server thread/WARN] [net.minecraftforge.common.ForgeConfigSpec/CORE]: Incorrect key Spells.Fang-Strike.ManaCostMultiplier was corrected from null to its default, 1.0. 
[065月2025 17:46:54.638] [Server thread/WARN] [net.minecraftforge.common.ForgeConfigSpec/CORE]: Incorrect key Spells.Fang-Strike.SpellPowerMultiplier was corrected from null to its default, 1.0. 
[065月2025 17:46:54.638] [Server thread/WARN] [net.minecraftforge.common.ForgeConfigSpec/CORE]: Incorrect key Spells.Fang-Strike.CooldownInSeconds was corrected from null to its default, 5.0. 
[065月2025 17:46:54.638] [Server thread/WARN] [net.minecraftforge.common.ForgeConfigSpec/CORE]: Incorrect key Spells.Fang-Ward was corrected from null to its default, SimpleCommentedConfig:{}. 
[065月2025 17:46:54.638] [Server thread/WARN] [net.minecraftforge.common.ForgeConfigSpec/CORE]: Incorrect key Spells.Fang-Ward.Enabled was corrected from null to its default, true. 
[065月2025 17:46:54.638] [Server thread/WARN] [net.minecraftforge.common.ForgeConfigSpec/CORE]: Incorrect key Spells.Fang-Ward.School was corrected from null to its default, EVOCATION. 
[065月2025 17:46:54.638] [Server thread/WARN] [net.minecraftforge.common.ForgeConfigSpec/CORE]: Incorrect key Spells.Fang-Ward.MaxLevel was corrected from null to its default, 8. 
[065月2025 17:46:54.638] [Server thread/WARN] [net.minecraftforge.common.ForgeConfigSpec/CORE]: Incorrect key Spells.Fang-Ward.MinRarity was corrected from null to its default, COMMON. 
[065月2025 17:46:54.638] [Server thread/WARN] [net.minecraftforge.common.ForgeConfigSpec/CORE]: Incorrect key Spells.Fang-Ward.ManaCostMultiplier was corrected from null to its default, 1.0. 
[065月2025 17:46:54.638] [Server thread/WARN] [net.minecraftforge.common.ForgeConfigSpec/CORE]: Incorrect key Spells.Fang-Ward.SpellPowerMultiplier was corrected from null to its default, 1.0. 
[065月2025 17:46:54.638] [Server thread/WARN] [net.minecraftforge.common.ForgeConfigSpec/CORE]: Incorrect key Spells.Fang-Ward.CooldownInSeconds was corrected from null to its default, 15.0. 
[065月2025 17:46:54.638] [Server thread/WARN] [net.minecraftforge.common.ForgeConfigSpec/CORE]: Incorrect key Spells.Firecracker was corrected from null to its default, SimpleCommentedConfig:{}. 
[065月2025 17:46:54.638] [Server thread/WARN] [net.minecraftforge.common.ForgeConfigSpec/CORE]: Incorrect key Spells.Firecracker.Enabled was corrected from null to its default, true. 
[065月2025 17:46:54.638] [Server thread/WARN] [net.minecraftforge.common.ForgeConfigSpec/CORE]: Incorrect key Spells.Firecracker.School was corrected from null to its default, EVOCATION. 
[065月2025 17:46:54.638] [Server thread/WARN] [net.minecraftforge.common.ForgeConfigSpec/CORE]: Incorrect key Spells.Firecracker.MaxLevel was corrected from null to its default, 10. 
[065月2025 17:46:54.638] [Server thread/WARN] [net.minecraftforge.common.ForgeConfigSpec/CORE]: Incorrect key Spells.Firecracker.MinRarity was corrected from null to its default, COMMON. 
[065月2025 17:46:54.638] [Server thread/WARN] [net.minecraftforge.common.ForgeConfigSpec/CORE]: Incorrect key Spells.Firecracker.ManaCostMultiplier was corrected from null to its default, 1.0. 
[065月2025 17:46:54.638] [Server thread/WARN] [net.minecraftforge.common.ForgeConfigSpec/CORE]: Incorrect key Spells.Firecracker.SpellPowerMultiplier was corrected from null to its default, 1.0. 
[065月2025 17:46:54.638] [Server thread/WARN] [net.minecraftforge.common.ForgeConfigSpec/CORE]: Incorrect key Spells.Firecracker.CooldownInSeconds was corrected from null to its default, 1.5. 
[065月2025 17:46:54.638] [Server thread/WARN] [net.minecraftforge.common.ForgeConfigSpec/CORE]: Incorrect key Spells.Invisibility was corrected from null to its default, SimpleCommentedConfig:{}. 
[065月2025 17:46:54.638] [Server thread/WARN] [net.minecraftforge.common.ForgeConfigSpec/CORE]: Incorrect key Spells.Invisibility.Enabled was corrected from null to its default, true. 
[065月2025 17:46:54.638] [Server thread/WARN] [net.minecraftforge.common.ForgeConfigSpec/CORE]: Incorrect key Spells.Invisibility.School was corrected from null to its default, EVOCATION. 
[065月2025 17:46:54.638] [Server thread/WARN] [net.minecraftforge.common.ForgeConfigSpec/CORE]: Incorrect key Spells.Invisibility.MaxLevel was corrected from null to its default, 6. 
[065月2025 17:46:54.638] [Server thread/WARN] [net.minecraftforge.common.ForgeConfigSpec/CORE]: Incorrect key Spells.Invisibility.MinRarity was corrected from null to its default, RARE. 
[065月2025 17:46:54.638] [Server thread/WARN] [net.minecraftforge.common.ForgeConfigSpec/CORE]: Incorrect key Spells.Invisibility.ManaCostMultiplier was corrected from null to its default, 1.0. 
[065月2025 17:46:54.638] [Server thread/WARN] [net.minecraftforge.common.ForgeConfigSpec/CORE]: Incorrect key Spells.Invisibility.SpellPowerMultiplier was corrected from null to its default, 1.0. 
[065月2025 17:46:54.638] [Server thread/WARN] [net.minecraftforge.common.ForgeConfigSpec/CORE]: Incorrect key Spells.Invisibility.CooldownInSeconds was corrected from null to its default, 45.0. 
[065月2025 17:46:54.638] [Server thread/WARN] [net.minecraftforge.common.ForgeConfigSpec/CORE]: Incorrect key Spells.Lob-Creeper was corrected from null to its default, SimpleCommentedConfig:{}. 
[065月2025 17:46:54.638] [Server thread/WARN] [net.minecraftforge.common.ForgeConfigSpec/CORE]: Incorrect key Spells.Lob-Creeper.Enabled was corrected from null to its default, true. 
[065月2025 17:46:54.638] [Server thread/WARN] [net.minecraftforge.common.ForgeConfigSpec/CORE]: Incorrect key Spells.Lob-Creeper.School was corrected from null to its default, EVOCATION. 
[065月2025 17:46:54.639] [Server thread/WARN] [net.minecraftforge.common.ForgeConfigSpec/CORE]: Incorrect key Spells.Lob-Creeper.MaxLevel was corrected from null to its default, 10. 
[065月2025 17:46:54.639] [Server thread/WARN] [net.minecraftforge.common.ForgeConfigSpec/CORE]: Incorrect key Spells.Lob-Creeper.MinRarity was corrected from null to its default, UNCOMMON. 
[065月2025 17:46:54.639] [Server thread/WARN] [net.minecraftforge.common.ForgeConfigSpec/CORE]: Incorrect key Spells.Lob-Creeper.ManaCostMultiplier was corrected from null to its default, 1.0. 
[065月2025 17:46:54.639] [Server thread/WARN] [net.minecraftforge.common.ForgeConfigSpec/CORE]: Incorrect key Spells.Lob-Creeper.SpellPowerMultiplier was corrected from null to its default, 1.0. 
[065月2025 17:46:54.639] [Server thread/WARN] [net.minecraftforge.common.ForgeConfigSpec/CORE]: Incorrect key Spells.Lob-Creeper.CooldownInSeconds was corrected from null to its default, 2.0. 
[065月2025 17:46:54.639] [Server thread/WARN] [net.minecraftforge.common.ForgeConfigSpec/CORE]: Incorrect key Spells.Shield was corrected from null to its default, SimpleCommentedConfig:{}. 
[065月2025 17:46:54.639] [Server thread/WARN] [net.minecraftforge.common.ForgeConfigSpec/CORE]: Incorrect key Spells.Shield.Enabled was corrected from null to its default, true. 
[065月2025 17:46:54.639] [Server thread/WARN] [net.minecraftforge.common.ForgeConfigSpec/CORE]: Incorrect key Spells.Shield.School was corrected from null to its default, EVOCATION. 
[065月2025 17:46:54.639] [Server thread/WARN] [net.minecraftforge.common.ForgeConfigSpec/CORE]: Incorrect key Spells.Shield.MaxLevel was corrected from null to its default, 10. 
[065月2025 17:46:54.639] [Server thread/WARN] [net.minecraftforge.common.ForgeConfigSpec/CORE]: Incorrect key Spells.Shield.MinRarity was corrected from null to its default, COMMON. 
[065月2025 17:46:54.639] [Server thread/WARN] [net.minecraftforge.common.ForgeConfigSpec/CORE]: Incorrect key Spells.Shield.ManaCostMultiplier was corrected from null to its default, 1.0. 
[065月2025 17:46:54.639] [Server thread/WARN] [net.minecraftforge.common.ForgeConfigSpec/CORE]: Incorrect key Spells.Shield.SpellPowerMultiplier was corrected from null to its default, 1.0. 
[065月2025 17:46:54.639] [Server thread/WARN] [net.minecraftforge.common.ForgeConfigSpec/CORE]: Incorrect key Spells.Shield.CooldownInSeconds was corrected from null to its default, 8.0. 
[065月2025 17:46:54.639] [Server thread/WARN] [net.minecraftforge.common.ForgeConfigSpec/CORE]: Incorrect key Spells.Summon-Horse was corrected from null to its default, SimpleCommentedConfig:{}. 
[065月2025 17:46:54.639] [Server thread/WARN] [net.minecraftforge.common.ForgeConfigSpec/CORE]: Incorrect key Spells.Summon-Horse.Enabled was corrected from null to its default, true. 
[065月2025 17:46:54.639] [Server thread/WARN] [net.minecraftforge.common.ForgeConfigSpec/CORE]: Incorrect key Spells.Summon-Horse.School was corrected from null to its default, EVOCATION. 
[065月2025 17:46:54.639] [Server thread/WARN] [net.minecraftforge.common.ForgeConfigSpec/CORE]: Incorrect key Spells.Summon-Horse.MaxLevel was corrected from null to its default, 5. 
[065月2025 17:46:54.639] [Server thread/WARN] [net.minecraftforge.common.ForgeConfigSpec/CORE]: Incorrect key Spells.Summon-Horse.MinRarity was corrected from null to its default, COMMON. 
[065月2025 17:46:54.639] [Server thread/WARN] [net.minecraftforge.common.ForgeConfigSpec/CORE]: Incorrect key Spells.Summon-Horse.ManaCostMultiplier was corrected from null to its default, 1.0. 
[065月2025 17:46:54.639] [Server thread/WARN] [net.minecraftforge.common.ForgeConfigSpec/CORE]: Incorrect key Spells.Summon-Horse.SpellPowerMultiplier was corrected from null to its default, 1.0. 
[065月2025 17:46:54.640] [Server thread/WARN] [net.minecraftforge.common.ForgeConfigSpec/CORE]: Incorrect key Spells.Summon-Horse.CooldownInSeconds was corrected from null to its default, 20.0. 
[065月2025 17:46:54.640] [Server thread/WARN] [net.minecraftforge.common.ForgeConfigSpec/CORE]: Incorrect key Spells.Summon-Vex was corrected from null to its default, SimpleCommentedConfig:{}. 
[065月2025 17:46:54.640] [Server thread/WARN] [net.minecraftforge.common.ForgeConfigSpec/CORE]: Incorrect key Spells.Summon-Vex.Enabled was corrected from null to its default, true. 
[065月2025 17:46:54.640] [Server thread/WARN] [net.minecraftforge.common.ForgeConfigSpec/CORE]: Incorrect key Spells.Summon-Vex.School was corrected from null to its default, EVOCATION. 
[065月2025 17:46:54.640] [Server thread/WARN] [net.minecraftforge.common.ForgeConfigSpec/CORE]: Incorrect key Spells.Summon-Vex.MaxLevel was corrected from null to its default, 5. 
[065月2025 17:46:54.640] [Server thread/WARN] [net.minecraftforge.common.ForgeConfigSpec/CORE]: Incorrect key Spells.Summon-Vex.MinRarity was corrected from null to its default, RARE. 
[065月2025 17:46:54.640] [Server thread/WARN] [net.minecraftforge.common.ForgeConfigSpec/CORE]: Incorrect key Spells.Summon-Vex.ManaCostMultiplier was corrected from null to its default, 1.0. 
[065月2025 17:46:54.640] [Server thread/WARN] [net.minecraftforge.common.ForgeConfigSpec/CORE]: Incorrect key Spells.Summon-Vex.SpellPowerMultiplier was corrected from null to its default, 1.0. 
[065月2025 17:46:54.640] [Server thread/WARN] [net.minecraftforge.common.ForgeConfigSpec/CORE]: Incorrect key Spells.Summon-Vex.CooldownInSeconds was corrected from null to its default, 150.0. 
[065月2025 17:46:54.640] [Server thread/WARN] [net.minecraftforge.common.ForgeConfigSpec/CORE]: Incorrect key Spells.Spectral-Hammer was corrected from null to its default, SimpleCommentedConfig:{}. 
[065月2025 17:46:54.640] [Server thread/WARN] [net.minecraftforge.common.ForgeConfigSpec/CORE]: Incorrect key Spells.Spectral-Hammer.Enabled was corrected from null to its default, true. 
[065月2025 17:46:54.640] [Server thread/WARN] [net.minecraftforge.common.ForgeConfigSpec/CORE]: Incorrect key Spells.Spectral-Hammer.School was corrected from null to its default, EVOCATION. 
[065月2025 17:46:54.640] [Server thread/WARN] [net.minecraftforge.common.ForgeConfigSpec/CORE]: Incorrect key Spells.Spectral-Hammer.MaxLevel was corrected from null to its default, 5. 
[065月2025 17:46:54.640] [Server thread/WARN] [net.minecraftforge.common.ForgeConfigSpec/CORE]: Incorrect key Spells.Spectral-Hammer.MinRarity was corrected from null to its default, UNCOMMON. 
[065月2025 17:46:54.640] [Server thread/WARN] [net.minecraftforge.common.ForgeConfigSpec/CORE]: Incorrect key Spells.Spectral-Hammer.ManaCostMultiplier was corrected from null to its default, 1.0. 
[065月2025 17:46:54.640] [Server thread/WARN] [net.minecraftforge.common.ForgeConfigSpec/CORE]: Incorrect key Spells.Spectral-Hammer.SpellPowerMultiplier was corrected from null to its default, 1.0. 
[065月2025 17:46:54.640] [Server thread/WARN] [net.minecraftforge.common.ForgeConfigSpec/CORE]: Incorrect key Spells.Spectral-Hammer.CooldownInSeconds was corrected from null to its default, 10.0. 
[065月2025 17:46:54.640] [Server thread/WARN] [net.minecraftforge.common.ForgeConfigSpec/CORE]: Incorrect key Spells.Blaze-Storm was corrected from null to its default, SimpleCommentedConfig:{}. 
[065月2025 17:46:54.640] [Server thread/WARN] [net.minecraftforge.common.ForgeConfigSpec/CORE]: Incorrect key Spells.Blaze-Storm.Enabled was corrected from null to its default, true. 
[065月2025 17:46:54.640] [Server thread/WARN] [net.minecraftforge.common.ForgeConfigSpec/CORE]: Incorrect key Spells.Blaze-Storm.School was corrected from null to its default, FIRE. 
[065月2025 17:46:54.640] [Server thread/WARN] [net.minecraftforge.common.ForgeConfigSpec/CORE]: Incorrect key Spells.Blaze-Storm.MaxLevel was corrected from null to its default, 10. 
[065月2025 17:46:54.640] [Server thread/WARN] [net.minecraftforge.common.ForgeConfigSpec/CORE]: Incorrect key Spells.Blaze-Storm.MinRarity was corrected from null to its default, COMMON. 
[065月2025 17:46:54.640] [Server thread/WARN] [net.minecraftforge.common.ForgeConfigSpec/CORE]: Incorrect key Spells.Blaze-Storm.ManaCostMultiplier was corrected from null to its default, 1.0. 
[065月2025 17:46:54.640] [Server thread/WARN] [net.minecraftforge.common.ForgeConfigSpec/CORE]: Incorrect key Spells.Blaze-Storm.SpellPowerMultiplier was corrected from null to its default, 1.0. 
[065月2025 17:46:54.640] [Server thread/WARN] [net.minecraftforge.common.ForgeConfigSpec/CORE]: Incorrect key Spells.Blaze-Storm.CooldownInSeconds was corrected from null to its default, 20.0. 
[065月2025 17:46:54.640] [Server thread/WARN] [net.minecraftforge.common.ForgeConfigSpec/CORE]: Incorrect key Spells.Burning-Dash was corrected from null to its default, SimpleCommentedConfig:{}. 
[065月2025 17:46:54.641] [Server thread/WARN] [net.minecraftforge.common.ForgeConfigSpec/CORE]: Incorrect key Spells.Burning-Dash.Enabled was corrected from null to its default, true. 
[065月2025 17:46:54.641] [Server thread/WARN] [net.minecraftforge.common.ForgeConfigSpec/CORE]: Incorrect key Spells.Burning-Dash.School was corrected from null to its default, FIRE. 
[065月2025 17:46:54.641] [Server thread/WARN] [net.minecraftforge.common.ForgeConfigSpec/CORE]: Incorrect key Spells.Burning-Dash.MaxLevel was corrected from null to its default, 10. 
[065月2025 17:46:54.641] [Server thread/WARN] [net.minecraftforge.common.ForgeConfigSpec/CORE]: Incorrect key Spells.Burning-Dash.MinRarity was corrected from null to its default, COMMON. 
[065月2025 17:46:54.641] [Server thread/WARN] [net.minecraftforge.common.ForgeConfigSpec/CORE]: Incorrect key Spells.Burning-Dash.ManaCostMultiplier was corrected from null to its default, 1.0. 
[065月2025 17:46:54.641] [Server thread/WARN] [net.minecraftforge.common.ForgeConfigSpec/CORE]: Incorrect key Spells.Burning-Dash.SpellPowerMultiplier was corrected from null to its default, 1.0. 
[065月2025 17:46:54.641] [Server thread/WARN] [net.minecraftforge.common.ForgeConfigSpec/CORE]: Incorrect key Spells.Burning-Dash.CooldownInSeconds was corrected from null to its default, 10.0. 
[065月2025 17:46:54.641] [Server thread/WARN] [net.minecraftforge.common.ForgeConfigSpec/CORE]: Incorrect key Spells.Fireball was corrected from null to its default, SimpleCommentedConfig:{}. 
[065月2025 17:46:54.641] [Server thread/WARN] [net.minecraftforge.common.ForgeConfigSpec/CORE]: Incorrect key Spells.Fireball.Enabled was corrected from null to its default, true. 
[065月2025 17:46:54.641] [Server thread/WARN] [net.minecraftforge.common.ForgeConfigSpec/CORE]: Incorrect key Spells.Fireball.School was corrected from null to its default, FIRE. 
[065月2025 17:46:54.641] [Server thread/WARN] [net.minecraftforge.common.ForgeConfigSpec/CORE]: Incorrect key Spells.Fireball.MaxLevel was corrected from null to its default, 3. 
[065月2025 17:46:54.641] [Server thread/WARN] [net.minecraftforge.common.ForgeConfigSpec/CORE]: Incorrect key Spells.Fireball.MinRarity was corrected from null to its default, EPIC. 
[065月2025 17:46:54.641] [Server thread/WARN] [net.minecraftforge.common.ForgeConfigSpec/CORE]: Incorrect key Spells.Fireball.ManaCostMultiplier was corrected from null to its default, 1.0. 
[065月2025 17:46:54.641] [Server thread/WARN] [net.minecraftforge.common.ForgeConfigSpec/CORE]: Incorrect key Spells.Fireball.SpellPowerMultiplier was corrected from null to its default, 1.0. 
[065月2025 17:46:54.641] [Server thread/WARN] [net.minecraftforge.common.ForgeConfigSpec/CORE]: Incorrect key Spells.Fireball.CooldownInSeconds was corrected from null to its default, 25.0. 
[065月2025 17:46:54.641] [Server thread/WARN] [net.minecraftforge.common.ForgeConfigSpec/CORE]: Incorrect key Spells.Firebolt was corrected from null to its default, SimpleCommentedConfig:{}. 
[065月2025 17:46:54.641] [Server thread/WARN] [net.minecraftforge.common.ForgeConfigSpec/CORE]: Incorrect key Spells.Firebolt.Enabled was corrected from null to its default, true. 
[065月2025 17:46:54.641] [Server thread/WARN] [net.minecraftforge.common.ForgeConfigSpec/CORE]: Incorrect key Spells.Firebolt.School was corrected from null to its default, FIRE. 
[065月2025 17:46:54.641] [Server thread/WARN] [net.minecraftforge.common.ForgeConfigSpec/CORE]: Incorrect key Spells.Firebolt.MaxLevel was corrected from null to its default, 10. 
[065月2025 17:46:54.641] [Server thread/WARN] [net.minecraftforge.common.ForgeConfigSpec/CORE]: Incorrect key Spells.Firebolt.MinRarity was corrected from null to its default, COMMON. 
[065月2025 17:46:54.641] [Server thread/WARN] [net.minecraftforge.common.ForgeConfigSpec/CORE]: Incorrect key Spells.Firebolt.ManaCostMultiplier was corrected from null to its default, 1.0. 
[065月2025 17:46:54.641] [Server thread/WARN] [net.minecraftforge.common.ForgeConfigSpec/CORE]: Incorrect key Spells.Firebolt.SpellPowerMultiplier was corrected from null to its default, 1.0. 
[065月2025 17:46:54.641] [Server thread/WARN] [net.minecraftforge.common.ForgeConfigSpec/CORE]: Incorrect key Spells.Firebolt.CooldownInSeconds was corrected from null to its default, 1.0. 
[065月2025 17:46:54.641] [Server thread/WARN] [net.minecraftforge.common.ForgeConfigSpec/CORE]: Incorrect key Spells.Fire-Breath was corrected from null to its default, SimpleCommentedConfig:{}. 
[065月2025 17:46:54.641] [Server thread/WARN] [net.minecraftforge.common.ForgeConfigSpec/CORE]: Incorrect key Spells.Fire-Breath.Enabled was corrected from null to its default, true. 
[065月2025 17:46:54.641] [Server thread/WARN] [net.minecraftforge.common.ForgeConfigSpec/CORE]: Incorrect key Spells.Fire-Breath.School was corrected from null to its default, FIRE. 
[065月2025 17:46:54.641] [Server thread/WARN] [net.minecraftforge.common.ForgeConfigSpec/CORE]: Incorrect key Spells.Fire-Breath.MaxLevel was corrected from null to its default, 10. 
[065月2025 17:46:54.641] [Server thread/WARN] [net.minecraftforge.common.ForgeConfigSpec/CORE]: Incorrect key Spells.Fire-Breath.MinRarity was corrected from null to its default, COMMON. 
[065月2025 17:46:54.641] [Server thread/WARN] [net.minecraftforge.common.ForgeConfigSpec/CORE]: Incorrect key Spells.Fire-Breath.ManaCostMultiplier was corrected from null to its default, 1.0. 
[065月2025 17:46:54.641] [Server thread/WARN] [net.minecraftforge.common.ForgeConfigSpec/CORE]: Incorrect key Spells.Fire-Breath.SpellPowerMultiplier was corrected from null to its default, 1.0. 
[065月2025 17:46:54.641] [Server thread/WARN] [net.minecraftforge.common.ForgeConfigSpec/CORE]: Incorrect key Spells.Fire-Breath.CooldownInSeconds was corrected from null to its default, 12.0. 
[065月2025 17:46:54.641] [Server thread/WARN] [net.minecraftforge.common.ForgeConfigSpec/CORE]: Incorrect key Spells.Wall-Of-Fire was corrected from null to its default, SimpleCommentedConfig:{}. 
[065月2025 17:46:54.641] [Server thread/WARN] [net.minecraftforge.common.ForgeConfigSpec/CORE]: Incorrect key Spells.Wall-Of-Fire.Enabled was corrected from null to its default, true. 
[065月2025 17:46:54.641] [Server thread/WARN] [net.minecraftforge.common.ForgeConfigSpec/CORE]: Incorrect key Spells.Wall-Of-Fire.School was corrected from null to its default, FIRE. 
[065月2025 17:46:54.641] [Server thread/WARN] [net.minecraftforge.common.ForgeConfigSpec/CORE]: Incorrect key Spells.Wall-Of-Fire.MaxLevel was corrected from null to its default, 5. 
[065月2025 17:46:54.641] [Server thread/WARN] [net.minecraftforge.common.ForgeConfigSpec/CORE]: Incorrect key Spells.Wall-Of-Fire.MinRarity was corrected from null to its default, COMMON. 
[065月2025 17:46:54.641] [Server thread/WARN] [net.minecraftforge.common.ForgeConfigSpec/CORE]: Incorrect key Spells.Wall-Of-Fire.ManaCostMultiplier was corrected from null to its default, 1.0. 
[065月2025 17:46:54.641] [Server thread/WARN] [net.minecraftforge.common.ForgeConfigSpec/CORE]: Incorrect key Spells.Wall-Of-Fire.SpellPowerMultiplier was corrected from null to its default, 1.0. 
[065月2025 17:46:54.641] [Server thread/WARN] [net.minecraftforge.common.ForgeConfigSpec/CORE]: Incorrect key Spells.Wall-Of-Fire.CooldownInSeconds was corrected from null to its default, 20.0. 
[065月2025 17:46:54.641] [Server thread/WARN] [net.minecraftforge.common.ForgeConfigSpec/CORE]: Incorrect key Spells.Fire-Bomb was corrected from null to its default, SimpleCommentedConfig:{}. 
[065月2025 17:46:54.642] [Server thread/WARN] [net.minecraftforge.common.ForgeConfigSpec/CORE]: Incorrect key Spells.Fire-Bomb.Enabled was corrected from null to its default, true. 
[065月2025 17:46:54.642] [Server thread/WARN] [net.minecraftforge.common.ForgeConfigSpec/CORE]: Incorrect key Spells.Fire-Bomb.School was corrected from null to its default, FIRE. 
[065月2025 17:46:54.642] [Server thread/WARN] [net.minecraftforge.common.ForgeConfigSpec/CORE]: Incorrect key Spells.Fire-Bomb.MaxLevel was corrected from null to its default, 8. 
[065月2025 17:46:54.642] [Server thread/WARN] [net.minecraftforge.common.ForgeConfigSpec/CORE]: Incorrect key Spells.Fire-Bomb.MinRarity was corrected from null to its default, UNCOMMON. 
[065月2025 17:46:54.642] [Server thread/WARN] [net.minecraftforge.common.ForgeConfigSpec/CORE]: Incorrect key Spells.Fire-Bomb.ManaCostMultiplier was corrected from null to its default, 1.0. 
[065月2025 17:46:54.642] [Server thread/WARN] [net.minecraftforge.common.ForgeConfigSpec/CORE]: Incorrect key Spells.Fire-Bomb.SpellPowerMultiplier was corrected from null to its default, 1.0. 
[065月2025 17:46:54.642] [Server thread/WARN] [net.minecraftforge.common.ForgeConfigSpec/CORE]: Incorrect key Spells.Fire-Bomb.CooldownInSeconds was corrected from null to its default, 12.0. 
[065月2025 17:46:54.642] [Server thread/WARN] [net.minecraftforge.common.ForgeConfigSpec/CORE]: Incorrect key Spells.Angel-Wing was corrected from null to its default, SimpleCommentedConfig:{}. 
[065月2025 17:46:54.642] [Server thread/WARN] [net.minecraftforge.common.ForgeConfigSpec/CORE]: Incorrect key Spells.Angel-Wing.Enabled was corrected from null to its default, true. 
[065月2025 17:46:54.642] [Server thread/WARN] [net.minecraftforge.common.ForgeConfigSpec/CORE]: Incorrect key Spells.Angel-Wing.School was corrected from null to its default, HOLY. 
[065月2025 17:46:54.642] [Server thread/WARN] [net.minecraftforge.common.ForgeConfigSpec/CORE]: Incorrect key Spells.Angel-Wing.MaxLevel was corrected from null to its default, 5. 
[065月2025 17:46:54.642] [Server thread/WARN] [net.minecraftforge.common.ForgeConfigSpec/CORE]: Incorrect key Spells.Angel-Wing.MinRarity was corrected from null to its default, EPIC. 
[065月2025 17:46:54.642] [Server thread/WARN] [net.minecraftforge.common.ForgeConfigSpec/CORE]: Incorrect key Spells.Angel-Wing.ManaCostMultiplier was corrected from null to its default, 1.0. 
[065月2025 17:46:54.642] [Server thread/WARN] [net.minecraftforge.common.ForgeConfigSpec/CORE]: Incorrect key Spells.Angel-Wing.SpellPowerMultiplier was corrected from null to its default, 1.0. 
[065月2025 17:46:54.642] [Server thread/WARN] [net.minecraftforge.common.ForgeConfigSpec/CORE]: Incorrect key Spells.Angel-Wing.CooldownInSeconds was corrected from null to its default, 120.0. 
[065月2025 17:46:54.642] [Server thread/WARN] [net.minecraftforge.common.ForgeConfigSpec/CORE]: Incorrect key Spells.Cloud-Of-Regeneration was corrected from null to its default, SimpleCommentedConfig:{}. 
[065月2025 17:46:54.642] [Server thread/WARN] [net.minecraftforge.common.ForgeConfigSpec/CORE]: Incorrect key Spells.Cloud-Of-Regeneration.Enabled was corrected from null to its default, false. 
[065月2025 17:46:54.642] [Server thread/WARN] [net.minecraftforge.common.ForgeConfigSpec/CORE]: Incorrect key Spells.Cloud-Of-Regeneration.School was corrected from null to its default, HOLY. 
[065月2025 17:46:54.642] [Server thread/WARN] [net.minecraftforge.common.ForgeConfigSpec/CORE]: Incorrect key Spells.Cloud-Of-Regeneration.MaxLevel was corrected from null to its default, 5. 
[065月2025 17:46:54.642] [Server thread/WARN] [net.minecraftforge.common.ForgeConfigSpec/CORE]: Incorrect key Spells.Cloud-Of-Regeneration.MinRarity was corrected from null to its default, COMMON. 
[065月2025 17:46:54.642] [Server thread/WARN] [net.minecraftforge.common.ForgeConfigSpec/CORE]: Incorrect key Spells.Cloud-Of-Regeneration.ManaCostMultiplier was corrected from null to its default, 1.0. 
[065月2025 17:46:54.642] [Server thread/WARN] [net.minecraftforge.common.ForgeConfigSpec/CORE]: Incorrect key Spells.Cloud-Of-Regeneration.SpellPowerMultiplier was corrected from null to its default, 1.0. 
[065月2025 17:46:54.642] [Server thread/WARN] [net.minecraftforge.common.ForgeConfigSpec/CORE]: Incorrect key Spells.Cloud-Of-Regeneration.CooldownInSeconds was corrected from null to its default, 35.0. 
[065月2025 17:46:54.642] [Server thread/WARN] [net.minecraftforge.common.ForgeConfigSpec/CORE]: Incorrect key Spells.Greater-Heal was corrected from null to its default, SimpleCommentedConfig:{}. 
[065月2025 17:46:54.642] [Server thread/WARN] [net.minecraftforge.common.ForgeConfigSpec/CORE]: Incorrect key Spells.Greater-Heal.Enabled was corrected from null to its default, true. 
[065月2025 17:46:54.642] [Server thread/WARN] [net.minecraftforge.common.ForgeConfigSpec/CORE]: Incorrect key Spells.Greater-Heal.School was corrected from null to its default, HOLY. 
[065月2025 17:46:54.642] [Server thread/WARN] [net.minecraftforge.common.ForgeConfigSpec/CORE]: Incorrect key Spells.Greater-Heal.MaxLevel was corrected from null to its default, 1. 
[065月2025 17:46:54.642] [Server thread/WARN] [net.minecraftforge.common.ForgeConfigSpec/CORE]: Incorrect key Spells.Greater-Heal.MinRarity was corrected from null to its default, RARE. 
[065月2025 17:46:54.642] [Server thread/WARN] [net.minecraftforge.common.ForgeConfigSpec/CORE]: Incorrect key Spells.Greater-Heal.ManaCostMultiplier was corrected from null to its default, 1.0. 
[065月2025 17:46:54.642] [Server thread/WARN] [net.minecraftforge.common.ForgeConfigSpec/CORE]: Incorrect key Spells.Greater-Heal.SpellPowerMultiplier was corrected from null to its default, 1.0. 
[065月2025 17:46:54.642] [Server thread/WARN] [net.minecraftforge.common.ForgeConfigSpec/CORE]: Incorrect key Spells.Greater-Heal.CooldownInSeconds was corrected from null to its default, 45.0. 
[065月2025 17:46:54.642] [Server thread/WARN] [net.minecraftforge.common.ForgeConfigSpec/CORE]: Incorrect key Spells.Heal was corrected from null to its default, SimpleCommentedConfig:{}. 
[065月2025 17:46:54.642] [Server thread/WARN] [net.minecraftforge.common.ForgeConfigSpec/CORE]: Incorrect key Spells.Heal.Enabled was corrected from null to its default, true. 
[065月2025 17:46:54.642] [Server thread/WARN] [net.minecraftforge.common.ForgeConfigSpec/CORE]: Incorrect key Spells.Heal.School was corrected from null to its default, HOLY. 
[065月2025 17:46:54.642] [Server thread/WARN] [net.minecraftforge.common.ForgeConfigSpec/CORE]: Incorrect key Spells.Heal.MaxLevel was corrected from null to its default, 10. 
[065月2025 17:46:54.642] [Server thread/WARN] [net.minecraftforge.common.ForgeConfigSpec/CORE]: Incorrect key Spells.Heal.MinRarity was corrected from null to its default, COMMON. 
[065月2025 17:46:54.642] [Server thread/WARN] [net.minecraftforge.common.ForgeConfigSpec/CORE]: Incorrect key Spells.Heal.ManaCostMultiplier was corrected from null to its default, 1.0. 
[065月2025 17:46:54.642] [Server thread/WARN] [net.minecraftforge.common.ForgeConfigSpec/CORE]: Incorrect key Spells.Heal.SpellPowerMultiplier was corrected from null to its default, 1.0. 
[065月2025 17:46:54.642] [Server thread/WARN] [net.minecraftforge.common.ForgeConfigSpec/CORE]: Incorrect key Spells.Heal.CooldownInSeconds was corrected from null to its default, 25.0. 
[065月2025 17:46:54.642] [Server thread/WARN] [net.minecraftforge.common.ForgeConfigSpec/CORE]: Incorrect key Spells.Wisp was corrected from null to its default, SimpleCommentedConfig:{}. 
[065月2025 17:46:54.642] [Server thread/WARN] [net.minecraftforge.common.ForgeConfigSpec/CORE]: Incorrect key Spells.Wisp.Enabled was corrected from null to its default, true. 
[065月2025 17:46:54.642] [Server thread/WARN] [net.minecraftforge.common.ForgeConfigSpec/CORE]: Incorrect key Spells.Wisp.School was corrected from null to its default, HOLY. 
[065月2025 17:46:54.642] [Server thread/WARN] [net.minecraftforge.common.ForgeConfigSpec/CORE]: Incorrect key Spells.Wisp.MaxLevel was corrected from null to its default, 10. 
[065月2025 17:46:54.642] [Server thread/WARN] [net.minecraftforge.common.ForgeConfigSpec/CORE]: Incorrect key Spells.Wisp.MinRarity was corrected from null to its default, COMMON. 
[065月2025 17:46:54.642] [Server thread/WARN] [net.minecraftforge.common.ForgeConfigSpec/CORE]: Incorrect key Spells.Wisp.ManaCostMultiplier was corrected from null to its default, 1.0. 
[065月2025 17:46:54.642] [Server thread/WARN] [net.minecraftforge.common.ForgeConfigSpec/CORE]: Incorrect key Spells.Wisp.SpellPowerMultiplier was corrected from null to its default, 1.0. 
[065月2025 17:46:54.642] [Server thread/WARN] [net.minecraftforge.common.ForgeConfigSpec/CORE]: Incorrect key Spells.Wisp.CooldownInSeconds was corrected from null to its default, 3.0. 
[065月2025 17:46:54.642] [Server thread/WARN] [net.minecraftforge.common.ForgeConfigSpec/CORE]: Incorrect key Spells.Fortify was corrected from null to its default, SimpleCommentedConfig:{}. 
[065月2025 17:46:54.643] [Server thread/WARN] [net.minecraftforge.common.ForgeConfigSpec/CORE]: Incorrect key Spells.Fortify.Enabled was corrected from null to its default, true. 
[065月2025 17:46:54.643] [Server thread/WARN] [net.minecraftforge.common.ForgeConfigSpec/CORE]: Incorrect key Spells.Fortify.School was corrected from null to its default, HOLY. 
[065月2025 17:46:54.643] [Server thread/WARN] [net.minecraftforge.common.ForgeConfigSpec/CORE]: Incorrect key Spells.Fortify.MaxLevel was corrected from null to its default, 10. 
[065月2025 17:46:54.643] [Server thread/WARN] [net.minecraftforge.common.ForgeConfigSpec/CORE]: Incorrect key Spells.Fortify.MinRarity was corrected from null to its default, COMMON. 
[065月2025 17:46:54.643] [Server thread/WARN] [net.minecraftforge.common.ForgeConfigSpec/CORE]: Incorrect key Spells.Fortify.ManaCostMultiplier was corrected from null to its default, 1.0. 
[065月2025 17:46:54.643] [Server thread/WARN] [net.minecraftforge.common.ForgeConfigSpec/CORE]: Incorrect key Spells.Fortify.SpellPowerMultiplier was corrected from null to its default, 1.0. 
[065月2025 17:46:54.643] [Server thread/WARN] [net.minecraftforge.common.ForgeConfigSpec/CORE]: Incorrect key Spells.Fortify.CooldownInSeconds was corrected from null to its default, 35.0. 
[065月2025 17:46:54.643] [Server thread/WARN] [net.minecraftforge.common.ForgeConfigSpec/CORE]: Incorrect key Spells.Blessing-Of-Life was corrected from null to its default, SimpleCommentedConfig:{}. 
[065月2025 17:46:54.643] [Server thread/WARN] [net.minecraftforge.common.ForgeConfigSpec/CORE]: Incorrect key Spells.Blessing-Of-Life.Enabled was corrected from null to its default, true. 
[065月2025 17:46:54.643] [Server thread/WARN] [net.minecraftforge.common.ForgeConfigSpec/CORE]: Incorrect key Spells.Blessing-Of-Life.School was corrected from null to its default, HOLY. 
[065月2025 17:46:54.643] [Server thread/WARN] [net.minecraftforge.common.ForgeConfigSpec/CORE]: Incorrect key Spells.Blessing-Of-Life.MaxLevel was corrected from null to its default, 10. 
[065月2025 17:46:54.643] [Server thread/WARN] [net.minecraftforge.common.ForgeConfigSpec/CORE]: Incorrect key Spells.Blessing-Of-Life.MinRarity was corrected from null to its default, COMMON. 
[065月2025 17:46:54.643] [Server thread/WARN] [net.minecraftforge.common.ForgeConfigSpec/CORE]: Incorrect key Spells.Blessing-Of-Life.ManaCostMultiplier was corrected from null to its default, 1.0. 
[065月2025 17:46:54.643] [Server thread/WARN] [net.minecraftforge.common.ForgeConfigSpec/CORE]: Incorrect key Spells.Blessing-Of-Life.SpellPowerMultiplier was corrected from null to its default, 1.0. 
[065月2025 17:46:54.643] [Server thread/WARN] [net.minecraftforge.common.ForgeConfigSpec/CORE]: Incorrect key Spells.Blessing-Of-Life.CooldownInSeconds was corrected from null to its default, 10.0. 
[065月2025 17:46:54.643] [Server thread/WARN] [net.minecraftforge.common.ForgeConfigSpec/CORE]: Incorrect key Spells.Healing-Circle was corrected from null to its default, SimpleCommentedConfig:{}. 
[065月2025 17:46:54.643] [Server thread/WARN] [net.minecraftforge.common.ForgeConfigSpec/CORE]: Incorrect key Spells.Healing-Circle.Enabled was corrected from null to its default, true. 
[065月2025 17:46:54.643] [Server thread/WARN] [net.minecraftforge.common.ForgeConfigSpec/CORE]: Incorrect key Spells.Healing-Circle.School was corrected from null to its default, HOLY. 
[065月2025 17:46:54.643] [Server thread/WARN] [net.minecraftforge.common.ForgeConfigSpec/CORE]: Incorrect key Spells.Healing-Circle.MaxLevel was corrected from null to its default, 10. 
[065月2025 17:46:54.643] [Server thread/WARN] [net.minecraftforge.common.ForgeConfigSpec/CORE]: Incorrect key Spells.Healing-Circle.MinRarity was corrected from null to its default, COMMON. 
[065月2025 17:46:54.643] [Server thread/WARN] [net.minecraftforge.common.ForgeConfigSpec/CORE]: Incorrect key Spells.Healing-Circle.ManaCostMultiplier was corrected from null to its default, 1.0. 
[065月2025 17:46:54.643] [Server thread/WARN] [net.minecraftforge.common.ForgeConfigSpec/CORE]: Incorrect key Spells.Healing-Circle.SpellPowerMultiplier was corrected from null to its default, 1.0. 
[065月2025 17:46:54.643] [Server thread/WARN] [net.minecraftforge.common.ForgeConfigSpec/CORE]: Incorrect key Spells.Healing-Circle.CooldownInSeconds was corrected from null to its default, 25.0. 
[065月2025 17:46:54.643] [Server thread/WARN] [net.minecraftforge.common.ForgeConfigSpec/CORE]: Incorrect key Spells.Cone-Of-Cold was corrected from null to its default, SimpleCommentedConfig:{}. 
[065月2025 17:46:54.643] [Server thread/WARN] [net.minecraftforge.common.ForgeConfigSpec/CORE]: Incorrect key Spells.Cone-Of-Cold.Enabled was corrected from null to its default, true. 
[065月2025 17:46:54.643] [Server thread/WARN] [net.minecraftforge.common.ForgeConfigSpec/CORE]: Incorrect key Spells.Cone-Of-Cold.School was corrected from null to its default, ICE. 
[065月2025 17:46:54.643] [Server thread/WARN] [net.minecraftforge.common.ForgeConfigSpec/CORE]: Incorrect key Spells.Cone-Of-Cold.MaxLevel was corrected from null to its default, 10. 
[065月2025 17:46:54.643] [Server thread/WARN] [net.minecraftforge.common.ForgeConfigSpec/CORE]: Incorrect key Spells.Cone-Of-Cold.MinRarity was corrected from null to its default, COMMON. 
[065月2025 17:46:54.643] [Server thread/WARN] [net.minecraftforge.common.ForgeConfigSpec/CORE]: Incorrect key Spells.Cone-Of-Cold.ManaCostMultiplier was corrected from null to its default, 1.0. 
[065月2025 17:46:54.643] [Server thread/WARN] [net.minecraftforge.common.ForgeConfigSpec/CORE]: Incorrect key Spells.Cone-Of-Cold.SpellPowerMultiplier was corrected from null to its default, 1.0. 
[065月2025 17:46:54.643] [Server thread/WARN] [net.minecraftforge.common.ForgeConfigSpec/CORE]: Incorrect key Spells.Cone-Of-Cold.CooldownInSeconds was corrected from null to its default, 12.0. 
[065月2025 17:46:54.643] [Server thread/WARN] [net.minecraftforge.common.ForgeConfigSpec/CORE]: Incorrect key Spells.Frost-Step was corrected from null to its default, SimpleCommentedConfig:{}. 
[065月2025 17:46:54.643] [Server thread/WARN] [net.minecraftforge.common.ForgeConfigSpec/CORE]: Incorrect key Spells.Frost-Step.Enabled was corrected from null to its default, true. 
[065月2025 17:46:54.643] [Server thread/WARN] [net.minecraftforge.common.ForgeConfigSpec/CORE]: Incorrect key Spells.Frost-Step.School was corrected from null to its default, ICE. 
[065月2025 17:46:54.643] [Server thread/WARN] [net.minecraftforge.common.ForgeConfigSpec/CORE]: Incorrect key Spells.Frost-Step.MaxLevel was corrected from null to its default, 8. 
[065月2025 17:46:54.643] [Server thread/WARN] [net.minecraftforge.common.ForgeConfigSpec/CORE]: Incorrect key Spells.Frost-Step.MinRarity was corrected from null to its default, RARE. 
[065月2025 17:46:54.643] [Server thread/WARN] [net.minecraftforge.common.ForgeConfigSpec/CORE]: Incorrect key Spells.Frost-Step.ManaCostMultiplier was corrected from null to its default, 1.0. 
[065月2025 17:46:54.643] [Server thread/WARN] [net.minecraftforge.common.ForgeConfigSpec/CORE]: Incorrect key Spells.Frost-Step.SpellPowerMultiplier was corrected from null to its default, 1.0. 
[065月2025 17:46:54.643] [Server thread/WARN] [net.minecraftforge.common.ForgeConfigSpec/CORE]: Incorrect key Spells.Frost-Step.CooldownInSeconds was corrected from null to its default, 10.0. 
[065月2025 17:46:54.643] [Server thread/WARN] [net.minecraftforge.common.ForgeConfigSpec/CORE]: Incorrect key Spells.Icicle was corrected from null to its default, SimpleCommentedConfig:{}. 
[065月2025 17:46:54.643] [Server thread/WARN] [net.minecraftforge.common.ForgeConfigSpec/CORE]: Incorrect key Spells.Icicle.Enabled was corrected from null to its default, true. 
[065月2025 17:46:54.643] [Server thread/WARN] [net.minecraftforge.common.ForgeConfigSpec/CORE]: Incorrect key Spells.Icicle.School was corrected from null to its default, ICE. 
[065月2025 17:46:54.643] [Server thread/WARN] [net.minecraftforge.common.ForgeConfigSpec/CORE]: Incorrect key Spells.Icicle.MaxLevel was corrected from null to its default, 10. 
[065月2025 17:46:54.643] [Server thread/WARN] [net.minecraftforge.common.ForgeConfigSpec/CORE]: Incorrect key Spells.Icicle.MinRarity was corrected from null to its default, COMMON. 
[065月2025 17:46:54.643] [Server thread/WARN] [net.minecraftforge.common.ForgeConfigSpec/CORE]: Incorrect key Spells.Icicle.ManaCostMultiplier was corrected from null to its default, 1.0. 
[065月2025 17:46:54.643] [Server thread/WARN] [net.minecraftforge.common.ForgeConfigSpec/CORE]: Incorrect key Spells.Icicle.SpellPowerMultiplier was corrected from null to its default, 1.0. 
[065月2025 17:46:54.643] [Server thread/WARN] [net.minecraftforge.common.ForgeConfigSpec/CORE]: Incorrect key Spells.Icicle.CooldownInSeconds was corrected from null to its default, 1.0. 
[065月2025 17:46:54.643] [Server thread/WARN] [net.minecraftforge.common.ForgeConfigSpec/CORE]: Incorrect key Spells.Summon-Polar-Bear was corrected from null to its default, SimpleCommentedConfig:{}. 
[065月2025 17:46:54.643] [Server thread/WARN] [net.minecraftforge.common.ForgeConfigSpec/CORE]: Incorrect key Spells.Summon-Polar-Bear.Enabled was corrected from null to its default, true. 
[065月2025 17:46:54.643] [Server thread/WARN] [net.minecraftforge.common.ForgeConfigSpec/CORE]: Incorrect key Spells.Summon-Polar-Bear.School was corrected from null to its default, ICE. 
[065月2025 17:46:54.644] [Server thread/WARN] [net.minecraftforge.common.ForgeConfigSpec/CORE]: Incorrect key Spells.Summon-Polar-Bear.MaxLevel was corrected from null to its default, 10. 
[065月2025 17:46:54.644] [Server thread/WARN] [net.minecraftforge.common.ForgeConfigSpec/CORE]: Incorrect key Spells.Summon-Polar-Bear.MinRarity was corrected from null to its default, RARE. 
[065月2025 17:46:54.644] [Server thread/WARN] [net.minecraftforge.common.ForgeConfigSpec/CORE]: Incorrect key Spells.Summon-Polar-Bear.ManaCostMultiplier was corrected from null to its default, 1.0. 
[065月2025 17:46:54.644] [Server thread/WARN] [net.minecraftforge.common.ForgeConfigSpec/CORE]: Incorrect key Spells.Summon-Polar-Bear.SpellPowerMultiplier was corrected from null to its default, 1.0. 
[065月2025 17:46:54.644] [Server thread/WARN] [net.minecraftforge.common.ForgeConfigSpec/CORE]: Incorrect key Spells.Summon-Polar-Bear.CooldownInSeconds was corrected from null to its default, 180.0. 
[065月2025 17:46:54.644] [Server thread/WARN] [net.minecraftforge.common.ForgeConfigSpec/CORE]: Incorrect key Spells.Ice-Block was corrected from null to its default, SimpleCommentedConfig:{}. 
[065月2025 17:46:54.644] [Server thread/WARN] [net.minecraftforge.common.ForgeConfigSpec/CORE]: Incorrect key Spells.Ice-Block.Enabled was corrected from null to its default, true. 
[065月2025 17:46:54.644] [Server thread/WARN] [net.minecraftforge.common.ForgeConfigSpec/CORE]: Incorrect key Spells.Ice-Block.School was corrected from null to its default, ICE. 
[065月2025 17:46:54.644] [Server thread/WARN] [net.minecraftforge.common.ForgeConfigSpec/CORE]: Incorrect key Spells.Ice-Block.MaxLevel was corrected from null to its default, 6. 
[065月2025 17:46:54.644] [Server thread/WARN] [net.minecraftforge.common.ForgeConfigSpec/CORE]: Incorrect key Spells.Ice-Block.MinRarity was corrected from null to its default, RARE. 
[065月2025 17:46:54.644] [Server thread/WARN] [net.minecraftforge.common.ForgeConfigSpec/CORE]: Incorrect key Spells.Ice-Block.ManaCostMultiplier was corrected from null to its default, 1.0. 
[065月2025 17:46:54.644] [Server thread/WARN] [net.minecraftforge.common.ForgeConfigSpec/CORE]: Incorrect key Spells.Ice-Block.SpellPowerMultiplier was corrected from null to its default, 1.0. 
[065月2025 17:46:54.644] [Server thread/WARN] [net.minecraftforge.common.ForgeConfigSpec/CORE]: Incorrect key Spells.Ice-Block.CooldownInSeconds was corrected from null to its default, 15.0. 
[065月2025 17:46:54.644] [Server thread/WARN] [net.minecraftforge.common.ForgeConfigSpec/CORE]: Incorrect key Spells.Frostbite was corrected from null to its default, SimpleCommentedConfig:{}. 
[065月2025 17:46:54.644] [Server thread/WARN] [net.minecraftforge.common.ForgeConfigSpec/CORE]: Incorrect key Spells.Frostbite.Enabled was corrected from null to its default, false. 
[065月2025 17:46:54.644] [Server thread/WARN] [net.minecraftforge.common.ForgeConfigSpec/CORE]: Incorrect key Spells.Frostbite.School was corrected from null to its default, ICE. 
[065月2025 17:46:54.644] [Server thread/WARN] [net.minecraftforge.common.ForgeConfigSpec/CORE]: Incorrect key Spells.Frostbite.MaxLevel was corrected from null to its default, 0. 
[065月2025 17:46:54.644] [Server thread/WARN] [net.minecraftforge.common.ForgeConfigSpec/CORE]: Incorrect key Spells.Frostbite.MinRarity was corrected from null to its default, COMMON. 
[065月2025 17:46:54.644] [Server thread/WARN] [net.minecraftforge.common.ForgeConfigSpec/CORE]: Incorrect key Spells.Frostbite.ManaCostMultiplier was corrected from null to its default, 1.0. 
[065月2025 17:46:54.644] [Server thread/WARN] [net.minecraftforge.common.ForgeConfigSpec/CORE]: Incorrect key Spells.Frostbite.SpellPowerMultiplier was corrected from null to its default, 1.0. 
[065月2025 17:46:54.644] [Server thread/WARN] [net.minecraftforge.common.ForgeConfigSpec/CORE]: Incorrect key Spells.Frostbite.CooldownInSeconds was corrected from null to its default, 0.0. 
[065月2025 17:46:54.644] [Server thread/WARN] [net.minecraftforge.common.ForgeConfigSpec/CORE]: Incorrect key Spells.Electrocute was corrected from null to its default, SimpleCommentedConfig:{}. 
[065月2025 17:46:54.644] [Server thread/WARN] [net.minecraftforge.common.ForgeConfigSpec/CORE]: Incorrect key Spells.Electrocute.Enabled was corrected from null to its default, true. 
[065月2025 17:46:54.644] [Server thread/WARN] [net.minecraftforge.common.ForgeConfigSpec/CORE]: Incorrect key Spells.Electrocute.School was corrected from null to its default, LIGHTNING. 
[065月2025 17:46:54.644] [Server thread/WARN] [net.minecraftforge.common.ForgeConfigSpec/CORE]: Incorrect key Spells.Electrocute.MaxLevel was corrected from null to its default, 10. 
[065月2025 17:46:54.644] [Server thread/WARN] [net.minecraftforge.common.ForgeConfigSpec/CORE]: Incorrect key Spells.Electrocute.MinRarity was corrected from null to its default, COMMON. 
[065月2025 17:46:54.644] [Server thread/WARN] [net.minecraftforge.common.ForgeConfigSpec/CORE]: Incorrect key Spells.Electrocute.ManaCostMultiplier was corrected from null to its default, 1.0. 
[065月2025 17:46:54.644] [Server thread/WARN] [net.minecraftforge.common.ForgeConfigSpec/CORE]: Incorrect key Spells.Electrocute.SpellPowerMultiplier was corrected from null to its default, 1.0. 
[065月2025 17:46:54.644] [Server thread/WARN] [net.minecraftforge.common.ForgeConfigSpec/CORE]: Incorrect key Spells.Electrocute.CooldownInSeconds was corrected from null to its default, 12.0. 
[065月2025 17:46:54.644] [Server thread/WARN] [net.minecraftforge.common.ForgeConfigSpec/CORE]: Incorrect key Spells.Lightning-Bolt was corrected from null to its default, SimpleCommentedConfig:{}. 
[065月2025 17:46:54.644] [Server thread/WARN] [net.minecraftforge.common.ForgeConfigSpec/CORE]: Incorrect key Spells.Lightning-Bolt.Enabled was corrected from null to its default, true. 
[065月2025 17:46:54.644] [Server thread/WARN] [net.minecraftforge.common.ForgeConfigSpec/CORE]: Incorrect key Spells.Lightning-Bolt.School was corrected from null to its default, LIGHTNING. 
[065月2025 17:46:54.644] [Server thread/WARN] [net.minecraftforge.common.ForgeConfigSpec/CORE]: Incorrect key Spells.Lightning-Bolt.MaxLevel was corrected from null to its default, 10. 
[065月2025 17:46:54.644] [Server thread/WARN] [net.minecraftforge.common.ForgeConfigSpec/CORE]: Incorrect key Spells.Lightning-Bolt.MinRarity was corrected from null to its default, EPIC. 
[065月2025 17:46:54.644] [Server thread/WARN] [net.minecraftforge.common.ForgeConfigSpec/CORE]: Incorrect key Spells.Lightning-Bolt.ManaCostMultiplier was corrected from null to its default, 1.0. 
[065月2025 17:46:54.644] [Server thread/WARN] [net.minecraftforge.common.ForgeConfigSpec/CORE]: Incorrect key Spells.Lightning-Bolt.SpellPowerMultiplier was corrected from null to its default, 1.0. 
[065月2025 17:46:54.644] [Server thread/WARN] [net.minecraftforge.common.ForgeConfigSpec/CORE]: Incorrect key Spells.Lightning-Bolt.CooldownInSeconds was corrected from null to its default, 25.0. 
[065月2025 17:46:54.645] [Server thread/WARN] [net.minecraftforge.common.ForgeConfigSpec/CORE]: Incorrect key Spells.Lightning-Lance was corrected from null to its default, SimpleCommentedConfig:{}. 
[065月2025 17:46:54.645] [Server thread/WARN] [net.minecraftforge.common.ForgeConfigSpec/CORE]: Incorrect key Spells.Lightning-Lance.Enabled was corrected from null to its default, true. 
[065月2025 17:46:54.645] [Server thread/WARN] [net.minecraftforge.common.ForgeConfigSpec/CORE]: Incorrect key Spells.Lightning-Lance.School was corrected from null to its default, LIGHTNING. 
[065月2025 17:46:54.645] [Server thread/WARN] [net.minecraftforge.common.ForgeConfigSpec/CORE]: Incorrect key Spells.Lightning-Lance.MaxLevel was corrected from null to its default, 10. 
[065月2025 17:46:54.645] [Server thread/WARN] [net.minecraftforge.common.ForgeConfigSpec/CORE]: Incorrect key Spells.Lightning-Lance.MinRarity was corrected from null to its default, RARE. 
[065月2025 17:46:54.645] [Server thread/WARN] [net.minecraftforge.common.ForgeConfigSpec/CORE]: Incorrect key Spells.Lightning-Lance.ManaCostMultiplier was corrected from null to its default, 1.0. 
[065月2025 17:46:54.645] [Server thread/WARN] [net.minecraftforge.common.ForgeConfigSpec/CORE]: Incorrect key Spells.Lightning-Lance.SpellPowerMultiplier was corrected from null to its default, 1.0. 
[065月2025 17:46:54.645] [Server thread/WARN] [net.minecraftforge.common.ForgeConfigSpec/CORE]: Incorrect key Spells.Lightning-Lance.CooldownInSeconds was corrected from null to its default, 8.0. 
[065月2025 17:46:54.645] [Server thread/WARN] [net.minecraftforge.common.ForgeConfigSpec/CORE]: Incorrect key Spells.Charge was corrected from null to its default, SimpleCommentedConfig:{}. 
[065月2025 17:46:54.645] [Server thread/WARN] [net.minecraftforge.common.ForgeConfigSpec/CORE]: Incorrect key Spells.Charge.Enabled was corrected from null to its default, true. 
[065月2025 17:46:54.645] [Server thread/WARN] [net.minecraftforge.common.ForgeConfigSpec/CORE]: Incorrect key Spells.Charge.School was corrected from null to its default, LIGHTNING. 
[065月2025 17:46:54.645] [Server thread/WARN] [net.minecraftforge.common.ForgeConfigSpec/CORE]: Incorrect key Spells.Charge.MaxLevel was corrected from null to its default, 3. 
[065月2025 17:46:54.645] [Server thread/WARN] [net.minecraftforge.common.ForgeConfigSpec/CORE]: Incorrect key Spells.Charge.MinRarity was corrected from null to its default, RARE. 
[065月2025 17:46:54.645] [Server thread/WARN] [net.minecraftforge.common.ForgeConfigSpec/CORE]: Incorrect key Spells.Charge.ManaCostMultiplier was corrected from null to its default, 1.0. 
[065月2025 17:46:54.645] [Server thread/WARN] [net.minecraftforge.common.ForgeConfigSpec/CORE]: Incorrect key Spells.Charge.SpellPowerMultiplier was corrected from null to its default, 1.0. 
[065月2025 17:46:54.645] [Server thread/WARN] [net.minecraftforge.common.ForgeConfigSpec/CORE]: Incorrect key Spells.Charge.CooldownInSeconds was corrected from null to its default, 40.0. 
[065月2025 17:46:54.645] [Server thread/WARN] [net.minecraftforge.common.ForgeConfigSpec/CORE]: Incorrect key Spells.Ascension was corrected from null to its default, SimpleCommentedConfig:{}. 
[065月2025 17:46:54.645] [Server thread/WARN] [net.minecraftforge.common.ForgeConfigSpec/CORE]: Incorrect key Spells.Ascension.Enabled was corrected from null to its default, true. 
[065月2025 17:46:54.645] [Server thread/WARN] [net.minecraftforge.common.ForgeConfigSpec/CORE]: Incorrect key Spells.Ascension.School was corrected from null to its default, LIGHTNING. 
[065月2025 17:46:54.645] [Server thread/WARN] [net.minecraftforge.common.ForgeConfigSpec/CORE]: Incorrect key Spells.Ascension.MaxLevel was corrected from null to its default, 10. 
[065月2025 17:46:54.645] [Server thread/WARN] [net.minecraftforge.common.ForgeConfigSpec/CORE]: Incorrect key Spells.Ascension.MinRarity was corrected from null to its default, RARE. 
[065月2025 17:46:54.645] [Server thread/WARN] [net.minecraftforge.common.ForgeConfigSpec/CORE]: Incorrect key Spells.Ascension.ManaCostMultiplier was corrected from null to its default, 1.0. 
[065月2025 17:46:54.645] [Server thread/WARN] [net.minecraftforge.common.ForgeConfigSpec/CORE]: Incorrect key Spells.Ascension.SpellPowerMultiplier was corrected from null to its default, 1.0. 
[065月2025 17:46:54.645] [Server thread/WARN] [net.minecraftforge.common.ForgeConfigSpec/CORE]: Incorrect key Spells.Ascension.CooldownInSeconds was corrected from null to its default, 15.0. 
[065月2025 17:46:54.645] [Server thread/WARN] [net.minecraftforge.common.ForgeConfigSpec/CORE]: Incorrect key Spells.Abyssal-Shroud was corrected from null to its default, SimpleCommentedConfig:{}. 
[065月2025 17:46:54.645] [Server thread/WARN] [net.minecraftforge.common.ForgeConfigSpec/CORE]: Incorrect key Spells.Abyssal-Shroud.Enabled was corrected from null to its default, true. 
[065月2025 17:46:54.645] [Server thread/WARN] [net.minecraftforge.common.ForgeConfigSpec/CORE]: Incorrect key Spells.Abyssal-Shroud.School was corrected from null to its default, ENDER. 
[065月2025 17:46:54.645] [Server thread/WARN] [net.minecraftforge.common.ForgeConfigSpec/CORE]: Incorrect key Spells.Abyssal-Shroud.MaxLevel was corrected from null to its default, 3. 
[065月2025 17:46:54.645] [Server thread/WARN] [net.minecraftforge.common.ForgeConfigSpec/CORE]: Incorrect key Spells.Abyssal-Shroud.MinRarity was corrected from null to its default, LEGENDARY. 
[065月2025 17:46:54.645] [Server thread/WARN] [net.minecraftforge.common.ForgeConfigSpec/CORE]: Incorrect key Spells.Abyssal-Shroud.ManaCostMultiplier was corrected from null to its default, 1.0. 
[065月2025 17:46:54.645] [Server thread/WARN] [net.minecraftforge.common.ForgeConfigSpec/CORE]: Incorrect key Spells.Abyssal-Shroud.SpellPowerMultiplier was corrected from null to its default, 1.0. 
[065月2025 17:46:54.645] [Server thread/WARN] [net.minecraftforge.common.ForgeConfigSpec/CORE]: Incorrect key Spells.Abyssal-Shroud.CooldownInSeconds was corrected from null to its default, 300.0. 
[065月2025 17:46:54.645] [Server thread/WARN] [net.minecraftforge.common.ForgeConfigSpec/CORE]: Incorrect key Spells.Void-Tentacles was corrected from null to its default, SimpleCommentedConfig:{}. 
[065月2025 17:46:54.645] [Server thread/WARN] [net.minecraftforge.common.ForgeConfigSpec/CORE]: Incorrect key Spells.Void-Tentacles.Enabled was corrected from null to its default, true. 
[065月2025 17:46:54.645] [Server thread/WARN] [net.minecraftforge.common.ForgeConfigSpec/CORE]: Incorrect key Spells.Void-Tentacles.School was corrected from null to its default, ENDER. 
[065月2025 17:46:54.645] [Server thread/WARN] [net.minecraftforge.common.ForgeConfigSpec/CORE]: Incorrect key Spells.Void-Tentacles.MaxLevel was corrected from null to its default, 3. 
[065月2025 17:46:54.645] [Server thread/WARN] [net.minecraftforge.common.ForgeConfigSpec/CORE]: Incorrect key Spells.Void-Tentacles.MinRarity was corrected from null to its default, LEGENDARY. 
[065月2025 17:46:54.645] [Server thread/WARN] [net.minecraftforge.common.ForgeConfigSpec/CORE]: Incorrect key Spells.Void-Tentacles.ManaCostMultiplier was corrected from null to its default, 1.0. 
[065月2025 17:46:54.645] [Server thread/WARN] [net.minecraftforge.common.ForgeConfigSpec/CORE]: Incorrect key Spells.Void-Tentacles.SpellPowerMultiplier was corrected from null to its default, 1.0. 
[065月2025 17:46:54.645] [Server thread/WARN] [net.minecraftforge.common.ForgeConfigSpec/CORE]: Incorrect key Spells.Void-Tentacles.CooldownInSeconds was corrected from null to its default, 30.0. 
[065月2025 17:46:54.645] [Server thread/WARN] [net.minecraftforge.common.ForgeConfigSpec/CORE]: Incorrect key Spells.Black-Hole was corrected from null to its default, SimpleCommentedConfig:{}. 
[065月2025 17:46:54.645] [Server thread/WARN] [net.minecraftforge.common.ForgeConfigSpec/CORE]: Incorrect key Spells.Black-Hole.Enabled was corrected from null to its default, true. 
[065月2025 17:46:54.645] [Server thread/WARN] [net.minecraftforge.common.ForgeConfigSpec/CORE]: Incorrect key Spells.Black-Hole.School was corrected from null to its default, ENDER. 
[065月2025 17:46:54.645] [Server thread/WARN] [net.minecraftforge.common.ForgeConfigSpec/CORE]: Incorrect key Spells.Black-Hole.MaxLevel was corrected from null to its default, 6. 
[065月2025 17:46:54.645] [Server thread/WARN] [net.minecraftforge.common.ForgeConfigSpec/CORE]: Incorrect key Spells.Black-Hole.MinRarity was corrected from null to its default, LEGENDARY. 
[065月2025 17:46:54.645] [Server thread/WARN] [net.minecraftforge.common.ForgeConfigSpec/CORE]: Incorrect key Spells.Black-Hole.ManaCostMultiplier was corrected from null to its default, 1.0. 
[065月2025 17:46:54.645] [Server thread/WARN] [net.minecraftforge.common.ForgeConfigSpec/CORE]: Incorrect key Spells.Black-Hole.SpellPowerMultiplier was corrected from null to its default, 1.0. 
[065月2025 17:46:54.645] [Server thread/WARN] [net.minecraftforge.common.ForgeConfigSpec/CORE]: Incorrect key Spells.Black-Hole.CooldownInSeconds was corrected from null to its default, 120.0. 
[065月2025 17:46:54.645] [Server thread/WARN] [net.minecraftforge.common.ForgeConfigSpec/CORE]: Incorrect key Spells.Poison-Arrow was corrected from null to its default, SimpleCommentedConfig:{}. 
[065月2025 17:46:54.645] [Server thread/WARN] [net.minecraftforge.common.ForgeConfigSpec/CORE]: Incorrect key Spells.Poison-Arrow.Enabled was corrected from null to its default, true. 
[065月2025 17:46:54.645] [Server thread/WARN] [net.minecraftforge.common.ForgeConfigSpec/CORE]: Incorrect key Spells.Poison-Arrow.School was corrected from null to its default, POISON. 
[065月2025 17:46:54.645] [Server thread/WARN] [net.minecraftforge.common.ForgeConfigSpec/CORE]: Incorrect key Spells.Poison-Arrow.MaxLevel was corrected from null to its default, 10. 
[065月2025 17:46:54.645] [Server thread/WARN] [net.minecraftforge.common.ForgeConfigSpec/CORE]: Incorrect key Spells.Poison-Arrow.MinRarity was corrected from null to its default, COMMON. 
[065月2025 17:46:54.645] [Server thread/WARN] [net.minecraftforge.common.ForgeConfigSpec/CORE]: Incorrect key Spells.Poison-Arrow.ManaCostMultiplier was corrected from null to its default, 1.0. 
[065月2025 17:46:54.645] [Server thread/WARN] [net.minecraftforge.common.ForgeConfigSpec/CORE]: Incorrect key Spells.Poison-Arrow.SpellPowerMultiplier was corrected from null to its default, 1.0. 
[065月2025 17:46:54.645] [Server thread/WARN] [net.minecraftforge.common.ForgeConfigSpec/CORE]: Incorrect key Spells.Poison-Arrow.CooldownInSeconds was corrected from null to its default, 15.0. 
[065月2025 17:46:54.645] [Server thread/WARN] [net.minecraftforge.common.ForgeConfigSpec/CORE]: Incorrect key Spells.Poison-Splash was corrected from null to its default, SimpleCommentedConfig:{}. 
[065月2025 17:46:54.645] [Server thread/WARN] [net.minecraftforge.common.ForgeConfigSpec/CORE]: Incorrect key Spells.Poison-Splash.Enabled was corrected from null to its default, true. 
[065月2025 17:46:54.645] [Server thread/WARN] [net.minecraftforge.common.ForgeConfigSpec/CORE]: Incorrect key Spells.Poison-Splash.School was corrected from null to its default, POISON. 
[065月2025 17:46:54.645] [Server thread/WARN] [net.minecraftforge.common.ForgeConfigSpec/CORE]: Incorrect key Spells.Poison-Splash.MaxLevel was corrected from null to its default, 10. 
[065月2025 17:46:54.645] [Server thread/WARN] [net.minecraftforge.common.ForgeConfigSpec/CORE]: Incorrect key Spells.Poison-Splash.MinRarity was corrected from null to its default, UNCOMMON. 
[065月2025 17:46:54.645] [Server thread/WARN] [net.minecraftforge.common.ForgeConfigSpec/CORE]: Incorrect key Spells.Poison-Splash.ManaCostMultiplier was corrected from null to its default, 1.0. 
[065月2025 17:46:54.645] [Server thread/WARN] [net.minecraftforge.common.ForgeConfigSpec/CORE]: Incorrect key Spells.Poison-Splash.SpellPowerMultiplier was corrected from null to its default, 1.0. 
[065月2025 17:46:54.645] [Server thread/WARN] [net.minecraftforge.common.ForgeConfigSpec/CORE]: Incorrect key Spells.Poison-Splash.CooldownInSeconds was corrected from null to its default, 20.0. 
[065月2025 17:46:54.645] [Server thread/WARN] [net.minecraftforge.common.ForgeConfigSpec/CORE]: Incorrect key Spells.Poison-Breath was corrected from null to its default, SimpleCommentedConfig:{}. 
[065月2025 17:46:54.645] [Server thread/WARN] [net.minecraftforge.common.ForgeConfigSpec/CORE]: Incorrect key Spells.Poison-Breath.Enabled was corrected from null to its default, true. 
[065月2025 17:46:54.645] [Server thread/WARN] [net.minecraftforge.common.ForgeConfigSpec/CORE]: Incorrect key Spells.Poison-Breath.School was corrected from null to its default, POISON. 
[065月2025 17:46:54.645] [Server thread/WARN] [net.minecraftforge.common.ForgeConfigSpec/CORE]: Incorrect key Spells.Poison-Breath.MaxLevel was corrected from null to its default, 10. 
[065月2025 17:46:54.645] [Server thread/WARN] [net.minecraftforge.common.ForgeConfigSpec/CORE]: Incorrect key Spells.Poison-Breath.MinRarity was corrected from null to its default, COMMON. 
[065月2025 17:46:54.645] [Server thread/WARN] [net.minecraftforge.common.ForgeConfigSpec/CORE]: Incorrect key Spells.Poison-Breath.ManaCostMultiplier was corrected from null to its default, 1.0. 
[065月2025 17:46:54.645] [Server thread/WARN] [net.minecraftforge.common.ForgeConfigSpec/CORE]: Incorrect key Spells.Poison-Breath.SpellPowerMultiplier was corrected from null to its default, 1.0. 
[065月2025 17:46:54.645] [Server thread/WARN] [net.minecraftforge.common.ForgeConfigSpec/CORE]: Incorrect key Spells.Poison-Breath.CooldownInSeconds was corrected from null to its default, 12.0. 
[065月2025 17:46:54.645] [Server thread/WARN] [net.minecraftforge.common.ForgeConfigSpec/CORE]: Incorrect key Spells.Acid-Orb was corrected from null to its default, SimpleCommentedConfig:{}. 
[065月2025 17:46:54.645] [Server thread/WARN] [net.minecraftforge.common.ForgeConfigSpec/CORE]: Incorrect key Spells.Acid-Orb.Enabled was corrected from null to its default, true. 
[065月2025 17:46:54.645] [Server thread/WARN] [net.minecraftforge.common.ForgeConfigSpec/CORE]: Incorrect key Spells.Acid-Orb.School was corrected from null to its default, POISON. 
[065月2025 17:46:54.645] [Server thread/WARN] [net.minecraftforge.common.ForgeConfigSpec/CORE]: Incorrect key Spells.Acid-Orb.MaxLevel was corrected from null to its default, 10. 
[065月2025 17:46:54.645] [Server thread/WARN] [net.minecraftforge.common.ForgeConfigSpec/CORE]: Incorrect key Spells.Acid-Orb.MinRarity was corrected from null to its default, COMMON. 
[065月2025 17:46:54.646] [Server thread/WARN] [net.minecraftforge.common.ForgeConfigSpec/CORE]: Incorrect key Spells.Acid-Orb.ManaCostMultiplier was corrected from null to its default, 1.0. 
[065月2025 17:46:54.646] [Server thread/WARN] [net.minecraftforge.common.ForgeConfigSpec/CORE]: Incorrect key Spells.Acid-Orb.SpellPowerMultiplier was corrected from null to its default, 1.0. 
[065月2025 17:46:54.646] [Server thread/WARN] [net.minecraftforge.common.ForgeConfigSpec/CORE]: Incorrect key Spells.Acid-Orb.CooldownInSeconds was corrected from null to its default, 15.0. 
[065月2025 17:46:54.646] [Server thread/WARN] [net.minecraftforge.common.ForgeConfigSpec/CORE]: Incorrect key Spells.Spider-Aspect was corrected from null to its default, SimpleCommentedConfig:{}. 
[065月2025 17:46:54.646] [Server thread/WARN] [net.minecraftforge.common.ForgeConfigSpec/CORE]: Incorrect key Spells.Spider-Aspect.Enabled was corrected from null to its default, true. 
[065月2025 17:46:54.646] [Server thread/WARN] [net.minecraftforge.common.ForgeConfigSpec/CORE]: Incorrect key Spells.Spider-Aspect.School was corrected from null to its default, POISON. 
[065月2025 17:46:54.646] [Server thread/WARN] [net.minecraftforge.common.ForgeConfigSpec/CORE]: Incorrect key Spells.Spider-Aspect.MaxLevel was corrected from null to its default, 8. 
[065月2025 17:46:54.646] [Server thread/WARN] [net.minecraftforge.common.ForgeConfigSpec/CORE]: Incorrect key Spells.Spider-Aspect.MinRarity was corrected from null to its default, RARE. 
[065月2025 17:46:54.646] [Server thread/WARN] [net.minecraftforge.common.ForgeConfigSpec/CORE]: Incorrect key Spells.Spider-Aspect.ManaCostMultiplier was corrected from null to its default, 1.0. 
[065月2025 17:46:54.646] [Server thread/WARN] [net.minecraftforge.common.ForgeConfigSpec/CORE]: Incorrect key Spells.Spider-Aspect.SpellPowerMultiplier was corrected from null to its default, 1.0. 
[065月2025 17:46:54.646] [Server thread/WARN] [net.minecraftforge.common.ForgeConfigSpec/CORE]: Incorrect key Spells.Spider-Aspect.CooldownInSeconds was corrected from null to its default, 90.0. 
[065月2025 17:46:54.646] [Server thread/WARN] [net.minecraftforge.common.ForgeConfigSpec/CORE]: Incorrect key Spells.Blight was corrected from null to its default, SimpleCommentedConfig:{}. 
[065月2025 17:46:54.646] [Server thread/WARN] [net.minecraftforge.common.ForgeConfigSpec/CORE]: Incorrect key Spells.Blight.Enabled was corrected from null to its default, true. 
[065月2025 17:46:54.646] [Server thread/WARN] [net.minecraftforge.common.ForgeConfigSpec/CORE]: Incorrect key Spells.Blight.School was corrected from null to its default, POISON. 
[065月2025 17:46:54.646] [Server thread/WARN] [net.minecraftforge.common.ForgeConfigSpec/CORE]: Incorrect key Spells.Blight.MaxLevel was corrected from null to its default, 8. 
[065月2025 17:46:54.646] [Server thread/WARN] [net.minecraftforge.common.ForgeConfigSpec/CORE]: Incorrect key Spells.Blight.MinRarity was corrected from null to its default, RARE. 
[065月2025 17:46:54.646] [Server thread/WARN] [net.minecraftforge.common.ForgeConfigSpec/CORE]: Incorrect key Spells.Blight.ManaCostMultiplier was corrected from null to its default, 1.0. 
[065月2025 17:46:54.646] [Server thread/WARN] [net.minecraftforge.common.ForgeConfigSpec/CORE]: Incorrect key Spells.Blight.SpellPowerMultiplier was corrected from null to its default, 1.0. 
[065月2025 17:46:54.646] [Server thread/WARN] [net.minecraftforge.common.ForgeConfigSpec/CORE]: Incorrect key Spells.Blight.CooldownInSeconds was corrected from null to its default, 35.0. 
[065月2025 17:46:54.646] [Server thread/WARN] [net.minecraftforge.common.ForgeConfigSpec/CORE]: Incorrect key Spells.Root was corrected from null to its default, SimpleCommentedConfig:{}. 
[065月2025 17:46:54.646] [Server thread/WARN] [net.minecraftforge.common.ForgeConfigSpec/CORE]: Incorrect key Spells.Root.Enabled was corrected from null to its default, true. 
[065月2025 17:46:54.646] [Server thread/WARN] [net.minecraftforge.common.ForgeConfigSpec/CORE]: Incorrect key Spells.Root.School was corrected from null to its default, POISON. 
[065月2025 17:46:54.646] [Server thread/WARN] [net.minecraftforge.common.ForgeConfigSpec/CORE]: Incorrect key Spells.Root.MaxLevel was corrected from null to its default, 10. 
[065月2025 17:46:54.646] [Server thread/WARN] [net.minecraftforge.common.ForgeConfigSpec/CORE]: Incorrect key Spells.Root.MinRarity was corrected from null to its default, UNCOMMON. 
[065月2025 17:46:54.646] [Server thread/WARN] [net.minecraftforge.common.ForgeConfigSpec/CORE]: Incorrect key Spells.Root.ManaCostMultiplier was corrected from null to its default, 1.0. 
[065月2025 17:46:54.646] [Server thread/WARN] [net.minecraftforge.common.ForgeConfigSpec/CORE]: Incorrect key Spells.Root.SpellPowerMultiplier was corrected from null to its default, 1.0. 
[065月2025 17:46:54.646] [Server thread/WARN] [net.minecraftforge.common.ForgeConfigSpec/CORE]: Incorrect key Spells.Root.CooldownInSeconds was corrected from null to its default, 35.0. 
[065月2025 17:46:54.663] [Server thread/INFO] [unionlib/]: Initializing mod on server: unionlib
[065月2025 17:46:54.664] [Server thread/INFO] [unionlib/]: Initializing mod on server: tiered
[065月2025 17:46:55.088] [Server thread/INFO] [net.minecraft.server.MinecraftServer/]: Preparing start region for dimension minecraft:overworld
[065月2025 17:46:55.093] [Server thread/INFO] [net.minecraftforge.server.permission.PermissionAPI/]: Successfully initialized permission handler forge:default_handler
[065月2025 17:46:55.093] [Server thread/INFO] [io.redspace.ironsspellbooks.IronsSpellbooks/]: HELLO from server starting
[065月2025 17:46:55.094] [Render thread/INFO] [net.minecraft.server.level.progress.LoggerChunkProgressListener/]: Time elapsed: 0 ms
[065月2025 17:46:55.118] [Server thread/INFO] [net.minecraft.client.server.IntegratedServer/]: Changing view distance to 5, from 10
[065月2025 17:46:55.120] [Server thread/INFO] [net.minecraft.client.server.IntegratedServer/]: Changing simulation distance to 5, from 0
[065月2025 17:46:55.248] [Render thread/WARN] [io.netty.util.internal.SystemPropertyUtil/]: Unable to parse the boolean system property 'java.net.preferIPv6Addresses':system - using the default value: false
[065月2025 17:46:56.200] [Netty Local Client IO #0/INFO] [net.minecraftforge.network.NetworkHooks/]: Connected to a modded server.
[065月2025 17:46:56.262] [Server thread/INFO] [net.minecraftforge.common.AdvancementLoadFix/]: Using new advancement loading for net.minecraft.server.PlayerAdvancements@647b6d9c
[065月2025 17:46:56.377] [Server thread/INFO] [net.minecraft.server.players.PlayerList/]: Dev[local:E:0366f12b] logged in with entity id 1 at (-7.5, -60.0, 4.5)
[065月2025 17:46:56.417] [Server thread/INFO] [net.minecraft.server.MinecraftServer/]: Dev加入了游戏
[065月2025 17:46:56.469] [Server thread/INFO] [Waila/]: Syncing config to Dev (380df991-f603-344c-a090-369bad2a924a)
[065月2025 17:47:38.771] [Render thread/INFO] [Waila/]: Received config from the server: {"minecraft:command_block":true}
[065月2025 17:47:38.776] [Render thread/INFO] [net.minecraft.advancements.AdvancementList/]: Loaded 15 advancements
[065月2025 17:47:54.597] [Server thread/INFO] [net.minecraft.client.server.IntegratedServer/]: Saving and pausing game...
[065月2025 17:47:54.605] [Server thread/INFO] [net.minecraft.server.MinecraftServer/]: Saving chunks for level 'ServerLevel[test]'/minecraft:overworld
[065月2025 17:47:54.657] [Server thread/INFO] [net.minecraft.server.MinecraftServer/]: Saving chunks for level 'ServerLevel[test]'/stellariscraft:parena
[065月2025 17:47:54.659] [Server thread/INFO] [net.minecraft.server.MinecraftServer/]: Saving chunks for level 'ServerLevel[test]'/minecraft:the_nether
[065月2025 17:47:54.660] [Server thread/INFO] [net.minecraft.server.MinecraftServer/]: Saving chunks for level 'ServerLevel[test]'/stellariscraft:marena
[065月2025 17:47:54.661] [Server thread/INFO] [net.minecraft.server.MinecraftServer/]: Saving chunks for level 'ServerLevel[test]'/minecraft:the_end
[065月2025 17:47:54.662] [Server thread/INFO] [net.minecraft.server.MinecraftServer/]: Saving chunks for level 'ServerLevel[test]'/stellariscraft:uarena
[065月2025 17:47:55.246] [Server thread/INFO] [net.minecraft.server.network.ServerGamePacketListenerImpl/]: Dev lost connection: 连接中止
[065月2025 17:47:55.246] [Server thread/INFO] [net.minecraft.server.MinecraftServer/]: Dev退出了游戏
[065月2025 17:47:55.254] [Server thread/INFO] [net.minecraft.server.network.ServerGamePacketListenerImpl/]: Stopping singleplayer server as player logged out
[065月2025 17:47:55.297] [Server thread/INFO] [net.minecraft.server.MinecraftServer/]: Stopping server
[065月2025 17:47:55.297] [Server thread/INFO] [net.minecraft.server.MinecraftServer/]: Saving players
[065月2025 17:47:55.297] [Server thread/INFO] [net.minecraft.server.MinecraftServer/]: Saving worlds
[065月2025 17:47:55.501] [Server thread/INFO] [net.minecraft.server.MinecraftServer/]: Saving chunks for level 'ServerLevel[test]'/minecraft:overworld
[065月2025 17:47:55.738] [Server thread/INFO] [net.minecraft.server.MinecraftServer/]: Saving chunks for level 'ServerLevel[test]'/stellariscraft:parena
[065月2025 17:47:55.738] [Server thread/INFO] [net.minecraft.server.MinecraftServer/]: Saving chunks for level 'ServerLevel[test]'/minecraft:the_nether
[065月2025 17:47:55.739] [Server thread/INFO] [net.minecraft.server.MinecraftServer/]: Saving chunks for level 'ServerLevel[test]'/stellariscraft:marena
[065月2025 17:47:55.739] [Server thread/INFO] [net.minecraft.server.MinecraftServer/]: Saving chunks for level 'ServerLevel[test]'/minecraft:the_end
[065月2025 17:47:55.740] [Server thread/INFO] [net.minecraft.server.MinecraftServer/]: Saving chunks for level 'ServerLevel[test]'/stellariscraft:uarena
[065月2025 17:47:55.756] [Server thread/INFO] [net.minecraft.server.MinecraftServer/]: ThreadedAnvilChunkStorage (test): All chunks are saved
[065月2025 17:47:55.756] [Server thread/INFO] [net.minecraft.server.MinecraftServer/]: ThreadedAnvilChunkStorage (parena): All chunks are saved
[065月2025 17:47:55.756] [Server thread/INFO] [net.minecraft.server.MinecraftServer/]: ThreadedAnvilChunkStorage (DIM-1): All chunks are saved
[065月2025 17:47:55.756] [Server thread/INFO] [net.minecraft.server.MinecraftServer/]: ThreadedAnvilChunkStorage (marena): All chunks are saved
[065月2025 17:47:55.756] [Server thread/INFO] [net.minecraft.server.MinecraftServer/]: ThreadedAnvilChunkStorage (DIM1): All chunks are saved
[065月2025 17:47:55.756] [Server thread/INFO] [net.minecraft.server.MinecraftServer/]: ThreadedAnvilChunkStorage (uarena): All chunks are saved
[065月2025 17:47:55.756] [Server thread/INFO] [net.minecraft.server.MinecraftServer/]: ThreadedAnvilChunkStorage: All dimensions are saved
[065月2025 17:47:56.636] [Render thread/INFO] [net.minecraft.client.Minecraft/]: Stopping!
